{
"lengthUnit": "mil",
"components": {
	"fields": ["COMPONENT_NO", "COMPONENT_NAME", "LAYER", "X_COORDINATE", "Y_COORDINATE", "ANGLE"],
	"rows": [
		[1, "3Vext1", "T", 2540, -1440, 180],
		[2, "+3V", "T", 2215, -5475, 180],
		[3, "C1", "T", 3475, -2575, 180],
		[4, "C2", "T", 3635, -2610, 291.802],
		[5, "C5", "T", 3362.08, -2572.92, 0],
		[6, "C21", "T", 2790.12, -1125.12, 90],
		[7, "C31", "T", 3135, -5790, 0],
		[8, "C32", "T", 3505, -4870, 180],
		[9, "C33", "T", 3370, -4520, 90],
		[10, "C34", "T", 3661.59, -4336.59, 180],
		[11, "C37", "T", 787.21, -2637.79, 90],
		[12, "C38", "T", 948.07, -3029.57, 90],
		[13, "C39", "T", 791.65, -1370.67, 90],
		[14, "C40", "T", 945, -1755, 90],
		[15, "C41", "T", 785, -3920, 90],
		[16, "C42", "T", 935, -4315, 90],
		[17, "C43", "T", 790, -5195, 90],
		[18, "C44", "T", 945, -5585, 90],
		[19, "C45", "T", 3660, -4260, 180],
		[20, "C46", "T", 3287.15, -2634.97, 0],
		[21, "C47", "T", 2425, -1405, 90],
		[22, "C48", "T", 3120, -3240, 270],
		[23, "C49", "T", 3129.95, -1528.17, 270],
		[24, "C50", "T", 3491.64, -3645.71, 270],
		[25, "C51", "T", 3855, -4175, 90],
		[26, "CN1", "T", 3985, -6455, 90],
		[27, "CN3", "T", 3395, -1380, 180],
		[28, "CN4", "T", 3950, -4070, 90],
		[29, "D1", "T", 2525, -1290, 180],
		[30, "D2", "T", 3500, -5610, 180],
		[31, "E1", "T", 3950, -1355, 90],
		[32, "E2", "T", 3950, -1783.33, 90],
		[33, "E3", "T", 3950, -2221.67, 90],
		[34, "E4", "T", 3950, -2660, 90],
		[35, "Fuse", "T", 3360, -6505, 180],
		[36, "H1", "T", 2835, -2130, 270],
		[37, "H6", "T", 1925, -1235, 90],
		[38, "H7", "T", 3395.2, -1606.74, 0],
		[39, "H8", "T", 2385, -4900, 0],
		[40, "H9", "T", 2385, -4690, 0],
		[41, "H10", "T", 2385, -4795, 0],
		[42, "H11", "T", 2380, -3800, 180],
		[43, "H12", "T", 2380, -4400, 0],
		[44, "H13", "T", 2380, -4510, 180],
		[45, "H14", "T", 2380, -3690, 0],
		[46, "KBP1", "T", 530, -1190, 0],
		[47, "KBP2", "T", 530, -2245, 0],
		[48, "KBP3", "T", 535, -2464, 0],
		[49, "KBP4", "T", 535, -3519, 0],
		[50, "KBP5", "T", 530, -4800, 0],
		[51, "KBP6", "T", 530.47, -3742.77, 0],
		[52, "KBP7", "T", 535, -6075, 0],
		[53, "KBP8", "T", 535, -5020, 0],
		[54, "L2", "T", 3520, -2870, 270],
		[55, "L5", "T", 3795, -5290, 90],
		[56, "LCAP", "T", 2590, -6290, 270],
		[57, "LED1", "T", 3842.08, -1327.48, 270],
		[58, "LED2", "T", 3842.08, -1763.99, 270],
		[59, "LED3", "T", 3842.08, -2191.67, 270],
		[60, "LED3V", "T", 3894.88, -4528.02, 270],
		[61, "LED4", "T", 3842.08, -2631.94, 270],
		[62, "LED5V", "T", 3105.7, -4938.85, 180],
		[63, "LED_VIO", "T", 2271, -5691.06, 90],
		[64, "LTC", "T", 3420, -2460, 270],
		[65, "M1", "T", 500, -1670, 270],
		[66, "M2", "T", 500, -2944, 270],
		[67, "M3", "T", 500, -4225, 270],
		[68, "M4", "T", 500, -5500, 270],
		[69, "R1", "T", 3585.96, -2534.65, 45],
		[70, "R2", "T", 3434.08, -2350, 180],
		[71, "R3", "T", 3515.92, -2350, 0],
		[72, "R9", "T", 2219.13, -2394.82, 270],
		[73, "R10", "T", 2220, -2305, 270],
		[74, "R11", "T", 3844.58, -1222.49, 270],
		[75, "R14", "T", 3832.39, -1659.27, 270],
		[76, "R15", "T", 3832.39, -2086.66, 270],
		[77, "R16", "T", 3832.39, -2521.94, 270],
		[78, "R17", "T", 2241.85, -1678.77, 180],
		[79, "R18", "T", 2241.85, -1981.47, 180],
		[80, "R19", "T", 2241.85, -2584.17, 180],
		[81, "R20", "T", 2241.85, -2881.87, 180],
		[82, "R21", "T", 3205.7, -4939.22, 180],
		[83, "R22", "T", 3895.66, -4421.07, 270],
		[84, "R23", "T", 2271.56, -5796.26, 90],
		[85, "R_Miso", "T", 3308.88, -2347.04, 0],
		[86, "R_slow", "T", 3606.27, -2408.1, 90],
		[87, "RJ1", "T", 3874.41, -3425, 270],
		[88, "SQ15", "T", 3780, -6030, 0],
		[89, "TEENSY", "T", 2035, -1034.61, 0],
		[90, "TMC1", "T", 1196.65, -2015.55, 180],
		[91, "TMC2", "T", 1194.75, -3295, 180],
		[92, "TMC3", "T", 1190, -4575, 180],
		[93, "TMC4", "T", 1195, -5850, 180],
		[94, "U1", "T", 2525, -5660, 90],
		[95, "U2", "T", 3620.47, -4525.25, 180],
		[96, "U12", "T", 2970, -1393.15, 270],
		[97, "U16", "T", 3400, -3485, 270],
		[98, "U17", "T", 3020, -2985, 90],
		[99, "U18", "T", 3223.51, -5308.51, 0],
		[100, "VIO", "T", 2215, -5538.05, 180]
	]
},
"pins": {
	"fields": ["PIN_NO", "PIN_NAME", "PIN_X", "PIN_Y", "LAYER", "PIN_TYPE", "NET_NAME", "NET_TYPE", "PAD_SHAPE", "PAD_SIZEX", "PAD_SIZEY", "HOLE_SIZE", "PAD_ANGLE"],
	"rows": [
		[1, "3Vext1_1", 2557.04, -1440, "T", "SMD", "$1N20253", "", "R", 22.27, 21.26, 0, 180],
		[2, "3Vext1_2", 2522.96, -1440, "T", "SMD", "+3V", "", "R", 22.27, 21.26, 0, 180],
		[3, "+3V_1", 2244.66, -5475, "T", "SMD", "+3V", "", "R", 31.75, 34.02, 0, 180],
		[4, "+3V_2", 2185.34, -5475, "T", "SMD", "VIO_M", "", "R", 31.75, 34.02, 0, 180],
		[5, "C1_1", 3496.46, -2575, "T", "SMD", "+3V", "", "R", 31.11, 21.26, 0, 180],
		[6, "C1_2", 3453.54, -2575, "T", "SMD", "GND", "GND", "R", 31.11, 21.26, 0, 180],
		[7, "C2_1", 3627.03, -2590.08, "T", "SMD", "GND", "GND", "R", 31.11, 21.26, 0, 291.802],
		[8, "C2_2", 3642.97, -2629.93, "T", "SMD", "$3N1059", "", "R", 31.11, 21.26, 0, 291.802],
		[9, "C5_1", 3340.62, -2572.92, "T", "SMD", "+3V", "", "R", 31.11, 21.26, 0, 0],
		[10, "C5_2", 3383.54, -2572.92, "T", "SMD", "GND", "GND", "R", 31.11, 21.26, 0, 0],
		[11, "C21_1", 2790.12, -1152.68, "T", "SMD", "GND", "GND", "R", 31.5, 35.43, 0, 90],
		[12, "C21_2", 2790.12, -1097.56, "T", "SMD", "+5V", "", "R", 31.5, 35.43, 0, 90],
		[13, "C31_1", 3036.58, -5790, "T", "DIP", "VCC", "", "C", 82.68, 82.68, 47.24, 0],
		[14, "C31_1", 3036.58, -5790, "B", "DIP", "VCC", "", "C", 82.68, 82.68, 47.24, 0],
		[15, "C31_2", 3233.42, -5790, "T", "DIP", "GND", "GND", "C", 82.68, 82.68, 47.24, 0],
		[16, "C31_2", 3233.42, -5790, "B", "DIP", "GND", "GND", "C", 82.68, 82.68, 47.24, 0],
		[17, "C32_1", 3573.9, -4870, "T", "DIP", "+5V", "", "C", 62.99, 62.99, 39.37, 270],
		[18, "C32_1", 3573.9, -4870, "B", "DIP", "+5V", "", "C", 62.99, 62.99, 39.37, 270],
		[19, "C32_2", 3436.1, -4870, "T", "DIP", "GND", "GND", "C", 62.99, 62.99, 39.37, 270],
		[20, "C32_2", 3436.1, -4870, "B", "DIP", "GND", "GND", "C", 62.99, 62.99, 39.37, 270],
		[21, "C33_1", 3370, -4636.59, "T", "SMD", "+5V", "", "R", 86.91, 93.54, 0, 270],
		[22, "C33_2", 3370, -4403.41, "T", "SMD", "GND", "GND", "R", 86.91, 93.54, 0, 270],
		[23, "C34_1", 3727.98, -4336.59, "T", "SMD", "+3V", "", "R", 69.19, 51.02, 0, 0],
		[24, "C34_2", 3595.19, -4336.59, "T", "SMD", "GND", "GND", "R", 69.19, 51.02, 0, 0],
		[25, "C37_1", 787.21, -2665.35, "T", "SMD", "VIO_M", "", "R", 31.5, 35.43, 0, 90],
		[26, "C37_2", 787.21, -2610.23, "T", "SMD", "GND", "GND", "R", 31.5, 35.43, 0, 90],
		[27, "C38_1", 948.07, -3134.68, "T", "SMD", "VCC", "", "R", 137.79, 47.24, 0, 90],
		[28, "C38_2", 948.07, -2924.45, "T", "SMD", "GND", "GND", "R", 137.79, 47.24, 0, 90],
		[29, "C39_1", 791.65, -1398.23, "T", "SMD", "VIO_M", "", "R", 31.5, 35.43, 0, 90],
		[30, "C39_2", 791.65, -1343.11, "T", "SMD", "GND", "GND", "R", 31.5, 35.43, 0, 90],
		[31, "C40_1", 945, -1860.12, "T", "SMD", "VCC", "", "R", 137.79, 47.24, 0, 90],
		[32, "C40_2", 945, -1649.88, "T", "SMD", "GND", "GND", "R", 137.79, 47.24, 0, 90],
		[33, "C41_1", 785, -3947.56, "T", "SMD", "VIO_M", "", "R", 31.5, 35.43, 0, 90],
		[34, "C41_2", 785, -3892.44, "T", "SMD", "GND", "GND", "R", 31.5, 35.43, 0, 90],
		[35, "C42_1", 935, -4420.11, "T", "SMD", "VCC", "", "R", 137.79, 47.24, 0, 90],
		[36, "C42_2", 935, -4209.89, "T", "SMD", "GND", "GND", "R", 137.79, 47.24, 0, 90],
		[37, "C43_1", 790, -5222.56, "T", "SMD", "VIO_M", "", "R", 31.5, 35.43, 0, 90],
		[38, "C43_2", 790, -5167.44, "T", "SMD", "GND", "GND", "R", 31.5, 35.43, 0, 90],
		[39, "C44_1", 945, -5690.11, "T", "SMD", "VCC", "", "R", 137.79, 47.24, 0, 90],
		[40, "C44_2", 945, -5479.89, "T", "SMD", "GND", "GND", "R", 137.79, 47.24, 0, 90],
		[41, "C45_1", 3687.56, -4260, "T", "SMD", "+3V", "", "R", 31.5, 35.43, 0, 180],
		[42, "C45_2", 3632.44, -4260, "T", "SMD", "GND", "GND", "R", 31.5, 35.43, 0, 180],
		[43, "C46_1", 3259.59, -2634.97, "T", "SMD", "+3V", "", "R", 31.5, 35.43, 0, 0],
		[44, "C46_2", 3314.71, -2634.97, "T", "SMD", "GND", "GND", "R", 31.5, 35.43, 0, 0],
		[45, "C47_1", 2425, -1432.56, "T", "SMD", "+3V", "", "R", 31.5, 35.43, 0, 90],
		[46, "C47_2", 2425, -1377.44, "T", "SMD", "GND", "GND", "R", 31.5, 35.43, 0, 90],
		[47, "C48_1", 3120, -3212.44, "T", "SMD", "+3V", "", "R", 31.5, 35.43, 0, 270],
		[48, "C48_2", 3120, -3267.56, "T", "SMD", "GND", "GND", "R", 31.5, 35.43, 0, 270],
		[49, "C49_1", 3129.95, -1500.61, "T", "SMD", "+3V", "", "R", 31.5, 35.43, 0, 270],
		[50, "C49_2", 3129.95, -1555.73, "T", "SMD", "GND", "GND", "R", 31.5, 35.43, 0, 270],
		[51, "C50_1", 3491.64, -3618.15, "T", "SMD", "+3V", "", "R", 31.5, 35.43, 0, 270],
		[52, "C50_2", 3491.64, -3673.27, "T", "SMD", "GND", "GND", "R", 31.5, 35.43, 0, 270],
		[53, "C51_1", 3855, -4202.56, "T", "SMD", "+3V", "", "R", 31.5, 35.43, 0, 90],
		[54, "C51_2", 3855, -4147.44, "T", "SMD", "GND", "GND", "R", 31.5, 35.43, 0, 90],
		[55, "CN1_1", 3985, -6553.43, "T", "DIP", "GND", "GND", "C", 98.42, 98.42, 70.87, 90],
		[56, "CN1_1", 3985, -6553.43, "B", "DIP", "GND", "GND", "C", 98.42, 98.42, 70.87, 90],
		[57, "CN1_2", 3985, -6356.58, "T", "DIP", "$2N1165", "", "C", 98.42, 98.42, 70.87, 90],
		[58, "CN1_2", 3985, -6356.58, "B", "DIP", "$2N1165", "", "C", 98.42, 98.42, 70.87, 90],
		[59, "CN3_1", 3545, -1380, "T", "DIP", "$1N16284", "", "R", 86.61, 86.61, 55.12, 180],
		[60, "CN3_1", 3545, -1380, "B", "DIP", "$1N16284", "", "R", 86.61, 86.61, 55.12, 180],
		[61, "CN3_2", 3445, -1380, "T", "DIP", "$1N16286", "", "C", 86.61, 86.61, 55.12, 180],
		[62, "CN3_2", 3445, -1380, "B", "DIP", "$1N16286", "", "C", 86.61, 86.61, 55.12, 180],
		[63, "CN3_3", 3345, -1380, "T", "DIP", "$1N16288", "", "C", 86.61, 86.61, 55.12, 180],
		[64, "CN3_3", 3345, -1380, "B", "DIP", "$1N16288", "", "C", 86.61, 86.61, 55.12, 180],
		[65, "CN3_4", 3245, -1380, "T", "DIP", "$1N16290", "", "C", 86.61, 86.61, 55.12, 180],
		[66, "CN3_4", 3245, -1380, "B", "DIP", "$1N16290", "", "C", 86.61, 86.61, 55.12, 180],
		[67, "CN4_1", 3950, -4220, "T", "DIP", "+3V", "", "R", 86.61, 86.61, 55.12, 90],
		[68, "CN4_1", 3950, -4220, "B", "DIP", "+3V", "", "R", 86.61, 86.61, 55.12, 90],
		[69, "CN4_2", 3950, -4120, "T", "DIP", "GND", "GND", "C", 86.61, 86.61, 55.12, 90],
		[70, "CN4_2", 3950, -4120, "B", "DIP", "GND", "GND", "C", 86.61, 86.61, 55.12, 90],
		[71, "CN4_3", 3950, -4020, "T", "DIP", "MAN_DOWN", "", "C", 86.61, 86.61, 55.12, 90],
		[72, "CN4_3", 3950, -4020, "B", "DIP", "MAN_DOWN", "", "C", 86.61, 86.61, 55.12, 90],
		[73, "CN4_4", 3950, -3920, "T", "DIP", "MAN_UP", "", "C", 86.61, 86.61, 55.12, 90],
		[74, "CN4_4", 3950, -3920, "B", "DIP", "MAN_UP", "", "C", 86.61, 86.61, 55.12, 90],
		[75, "D1_1", 2588.39, -1290, "T", "SMD", "$1N4255", "", "R", 34.65, 37.8, 0, 0],
		[76, "D1_2", 2461.61, -1290, "T", "SMD", "+5V", "", "R", 34.65, 37.8, 0, 0],
		[77, "D2_1", 3401.43, -5610, "T", "SMD", "GND", "GND", "R", 81.2, 60.59, 0, 180],
		[78, "D2_2", 3598.57, -5610, "T", "SMD", "$2N12797", "", "R", 81.2, 60.59, 0, 180],
		[79, "E1_1", 3950, -1455, "T", "DIP", "+3V", "", "C", 78.74, 78.74, 55.12, 90],
		[80, "E1_1", 3950, -1455, "B", "DIP", "+3V", "", "C", 78.74, 78.74, 55.12, 90],
		[81, "E1_2", 3950, -1355, "T", "DIP", "END1", "", "C", 78.74, 78.74, 55.12, 90],
		[82, "E1_2", 3950, -1355, "B", "DIP", "END1", "", "C", 78.74, 78.74, 55.12, 90],
		[83, "E1_3", 3950, -1255, "T", "DIP", "GND", "GND", "C", 78.74, 78.74, 55.12, 90],
		[84, "E1_3", 3950, -1255, "B", "DIP", "GND", "GND", "C", 78.74, 78.74, 55.12, 90],
		[85, "E2_1", 3950, -1883.33, "T", "DIP", "+3V", "", "C", 78.74, 78.74, 55.12, 90],
		[86, "E2_1", 3950, -1883.33, "B", "DIP", "+3V", "", "C", 78.74, 78.74, 55.12, 90],
		[87, "E2_2", 3950, -1783.33, "T", "DIP", "END2", "", "C", 78.74, 78.74, 55.12, 90],
		[88, "E2_2", 3950, -1783.33, "B", "DIP", "END2", "", "C", 78.74, 78.74, 55.12, 90],
		[89, "E2_3", 3950, -1683.33, "T", "DIP", "GND", "GND", "C", 78.74, 78.74, 55.12, 90],
		[90, "E2_3", 3950, -1683.33, "B", "DIP", "GND", "GND", "C", 78.74, 78.74, 55.12, 90],
		[91, "E3_1", 3950, -2321.67, "T", "DIP", "+3V", "", "C", 78.74, 78.74, 55.12, 90],
		[92, "E3_1", 3950, -2321.67, "B", "DIP", "+3V", "", "C", 78.74, 78.74, 55.12, 90],
		[93, "E3_2", 3950, -2221.67, "T", "DIP", "END3", "", "C", 78.74, 78.74, 55.12, 90],
		[94, "E3_2", 3950, -2221.67, "B", "DIP", "END3", "", "C", 78.74, 78.74, 55.12, 90],
		[95, "E3_3", 3950, -2121.67, "T", "DIP", "GND", "GND", "C", 78.74, 78.74, 55.12, 90],
		[96, "E3_3", 3950, -2121.67, "B", "DIP", "GND", "GND", "C", 78.74, 78.74, 55.12, 90],
		[97, "E4_1", 3950, -2760, "T", "DIP", "+3V", "", "C", 78.74, 78.74, 55.12, 90],
		[98, "E4_1", 3950, -2760, "B", "DIP", "+3V", "", "C", 78.74, 78.74, 55.12, 90],
		[99, "E4_2", 3950, -2660, "T", "DIP", "END4", "", "C", 78.74, 78.74, 55.12, 90],
		[100, "E4_2", 3950, -2660, "B", "DIP", "END4", "", "C", 78.74, 78.74, 55.12, 90],
		[101, "E4_3", 3950, -2560, "T", "DIP", "GND", "GND", "C", 78.74, 78.74, 55.12, 90],
		[102, "E4_3", 3950, -2560, "B", "DIP", "GND", "GND", "C", 78.74, 78.74, 55.12, 90],
		[103, "Fuse_1", 3531.26, -6505, "T", "DIP", "$2N1169", "", "C", 150, 150, 90, 180],
		[104, "Fuse_1", 3531.26, -6505, "B", "DIP", "$2N1169", "", "C", 150, 150, 90, 180],
		[105, "Fuse_2", 3188.74, -6505, "T", "DIP", "VCC", "", "C", 150, 150, 90, 180],
		[106, "Fuse_2", 3188.74, -6505, "B", "DIP", "VCC", "", "C", 150, 150, 90, 180],
		[107, "H1_1", 2835, -1980, "T", "DIP", "SP4", "", "R", 66.93, 66.93, 43.31, 270],
		[108, "H1_1", 2835, -1980, "B", "DIP", "SP4", "", "R", 66.93, 66.93, 43.31, 270],
		[109, "H1_2", 2835, -2080, "T", "DIP", "SP3", "", "C", 66.93, 66.93, 43.31, 270],
		[110, "H1_2", 2835, -2080, "B", "DIP", "SP3", "", "C", 66.93, 66.93, 43.31, 270],
		[111, "H1_3", 2835, -2180, "T", "DIP", "SP2", "", "C", 66.93, 66.93, 43.31, 270],
		[112, "H1_3", 2835, -2180, "B", "DIP", "SP2", "", "C", 66.93, 66.93, 43.31, 270],
		[113, "H1_4", 2835, -2280, "T", "DIP", "SP1", "", "C", 66.93, 66.93, 43.31, 270],
		[114, "H1_4", 2835, -2280, "B", "DIP", "SP1", "", "C", 66.93, 66.93, 43.31, 270],
		[115, "H6_1", 1925, -1385, "T", "DIP", "TX2", "", "R", 66.93, 66.93, 43.31, 90],
		[116, "H6_1", 1925, -1385, "B", "DIP", "TX2", "", "R", 66.93, 66.93, 43.31, 90],
		[117, "H6_2", 1925, -1285, "T", "DIP", "RX2", "", "C", 66.93, 66.93, 43.31, 90],
		[118, "H6_2", 1925, -1285, "B", "DIP", "RX2", "", "C", 66.93, 66.93, 43.31, 90],
		[119, "H6_3", 1925, -1185, "T", "DIP", "GND", "GND", "C", 66.93, 66.93, 43.31, 90],
		[120, "H6_3", 1925, -1185, "B", "DIP", "GND", "GND", "C", 66.93, 66.93, 43.31, 90],
		[121, "H6_4", 1925, -1085, "T", "DIP", "+3V", "", "C", 66.93, 66.93, 43.31, 90],
		[122, "H6_4", 1925, -1085, "B", "DIP", "+3V", "", "C", 66.93, 66.93, 43.31, 90],
		[123, "H7_1", 3245.2, -1606.74, "T", "DIP", "$1N16290", "", "R", 66.93, 66.93, 43.31, 0],
		[124, "H7_1", 3245.2, -1606.74, "B", "DIP", "$1N16290", "", "R", 66.93, 66.93, 43.31, 0],
		[125, "H7_2", 3345.2, -1606.74, "T", "DIP", "$1N16288", "", "C", 66.93, 66.93, 43.31, 0],
		[126, "H7_2", 3345.2, -1606.74, "B", "DIP", "$1N16288", "", "C", 66.93, 66.93, 43.31, 0],
		[127, "H7_3", 3445.2, -1606.74, "T", "DIP", "$1N16286", "", "C", 66.93, 66.93, 43.31, 0],
		[128, "H7_3", 3445.2, -1606.74, "B", "DIP", "$1N16286", "", "C", 66.93, 66.93, 43.31, 0],
		[129, "H7_4", 3545.2, -1606.74, "T", "DIP", "$1N16284", "", "C", 66.93, 66.93, 43.31, 0],
		[130, "H7_4", 3545.2, -1606.74, "B", "DIP", "$1N16284", "", "C", 66.93, 66.93, 43.31, 0],
		[131, "H8_1", 2235, -4900, "T", "DIP", "+5V", "", "R", 66.93, 66.93, 43.31, 0],
		[132, "H8_1", 2235, -4900, "B", "DIP", "+5V", "", "R", 66.93, 66.93, 43.31, 0],
		[133, "H8_2", 2335, -4900, "T", "DIP", "+5V", "", "C", 66.93, 66.93, 43.31, 0],
		[134, "H8_2", 2335, -4900, "B", "DIP", "+5V", "", "C", 66.93, 66.93, 43.31, 0],
		[135, "H8_3", 2435, -4900, "T", "DIP", "+5V", "", "C", 66.93, 66.93, 43.31, 0],
		[136, "H8_3", 2435, -4900, "B", "DIP", "+5V", "", "C", 66.93, 66.93, 43.31, 0],
		[137, "H8_4", 2535, -4900, "T", "DIP", "+5V", "", "C", 66.93, 66.93, 43.31, 0],
		[138, "H8_4", 2535, -4900, "B", "DIP", "+5V", "", "C", 66.93, 66.93, 43.31, 0],
		[139, "H9_1", 2235, -4690, "T", "DIP", "+3V", "", "R", 66.93, 66.93, 43.31, 0],
		[140, "H9_1", 2235, -4690, "B", "DIP", "+3V", "", "R", 66.93, 66.93, 43.31, 0],
		[141, "H9_2", 2335, -4690, "T", "DIP", "+3V", "", "C", 66.93, 66.93, 43.31, 0],
		[142, "H9_2", 2335, -4690, "B", "DIP", "+3V", "", "C", 66.93, 66.93, 43.31, 0],
		[143, "H9_3", 2435, -4690, "T", "DIP", "+3V", "", "C", 66.93, 66.93, 43.31, 0],
		[144, "H9_3", 2435, -4690, "B", "DIP", "+3V", "", "C", 66.93, 66.93, 43.31, 0],
		[145, "H9_4", 2535, -4690, "T", "DIP", "+3V", "", "C", 66.93, 66.93, 43.31, 0],
		[146, "H9_4", 2535, -4690, "B", "DIP", "+3V", "", "C", 66.93, 66.93, 43.31, 0],
		[147, "H10_1", 2235, -4795, "T", "DIP", "GND", "GND", "R", 66.93, 66.93, 43.31, 0],
		[148, "H10_1", 2235, -4795, "B", "DIP", "GND", "GND", "R", 66.93, 66.93, 43.31, 0],
		[149, "H10_2", 2335, -4795, "T", "DIP", "GND", "GND", "C", 66.93, 66.93, 43.31, 0],
		[150, "H10_2", 2335, -4795, "B", "DIP", "GND", "GND", "C", 66.93, 66.93, 43.31, 0],
		[151, "H10_3", 2435, -4795, "T", "DIP", "GND", "GND", "C", 66.93, 66.93, 43.31, 0],
		[152, "H10_3", 2435, -4795, "B", "DIP", "GND", "GND", "C", 66.93, 66.93, 43.31, 0],
		[153, "H10_4", 2535, -4795, "T", "DIP", "GND", "GND", "C", 66.93, 66.93, 43.31, 0],
		[154, "H10_4", 2535, -4795, "B", "DIP", "GND", "GND", "C", 66.93, 66.93, 43.31, 0],
		[155, "H11_1", 2730, -3800, "T", "DIP", "$1N19853", "", "R", 62, 66.93, 43.31, 180],
		[156, "H11_1", 2730, -3800, "B", "DIP", "$1N19853", "", "R", 62, 66.93, 43.31, 180],
		[157, "H11_2", 2630, -3800, "T", "DIP", "$1N19855", "", "C", 66.93, 66.93, 43.31, 180],
		[158, "H11_2", 2630, -3800, "B", "DIP", "$1N19855", "", "C", 66.93, 66.93, 43.31, 180],
		[159, "H11_3", 2530, -3800, "T", "DIP", "$1N19857", "", "C", 66.93, 66.93, 43.31, 180],
		[160, "H11_3", 2530, -3800, "B", "DIP", "$1N19857", "", "C", 66.93, 66.93, 43.31, 180],
		[161, "H11_4", 2430, -3800, "T", "DIP", "$1N19859", "", "C", 66.93, 66.93, 43.31, 180],
		[162, "H11_4", 2430, -3800, "B", "DIP", "$1N19859", "", "C", 66.93, 66.93, 43.31, 180],
		[163, "H11_5", 2330, -3800, "T", "DIP", "$1N19861", "", "C", 66.93, 66.93, 43.31, 180],
		[164, "H11_5", 2330, -3800, "B", "DIP", "$1N19861", "", "C", 66.93, 66.93, 43.31, 180],
		[165, "H11_6", 2230, -3800, "T", "DIP", "$1N19863", "", "C", 66.93, 66.93, 43.31, 180],
		[166, "H11_6", 2230, -3800, "B", "DIP", "$1N19863", "", "C", 66.93, 66.93, 43.31, 180],
		[167, "H11_7", 2130, -3800, "T", "DIP", "TX2", "", "C", 66.93, 66.93, 43.31, 180],
		[168, "H11_7", 2130, -3800, "B", "DIP", "TX2", "", "C", 66.93, 66.93, 43.31, 180],
		[169, "H11_8", 2030, -3800, "T", "DIP", "RX2", "", "C", 66.93, 66.93, 43.31, 180],
		[170, "H11_8", 2030, -3800, "B", "DIP", "RX2", "", "C", 66.93, 66.93, 43.31, 180],
		[171, "H12_1", 2030, -4400, "T", "DIP", "$1N19773", "", "R", 62, 66.93, 43.31, 0],
		[172, "H12_1", 2030, -4400, "B", "DIP", "$1N19773", "", "R", 62, 66.93, 43.31, 0],
		[173, "H12_2", 2130, -4400, "T", "DIP", "$1N19775", "", "C", 66.93, 66.93, 43.31, 0],
		[174, "H12_2", 2130, -4400, "B", "DIP", "$1N19775", "", "C", 66.93, 66.93, 43.31, 0],
		[175, "H12_3", 2230, -4400, "T", "DIP", "$1N19777", "", "C", 66.93, 66.93, 43.31, 0],
		[176, "H12_3", 2230, -4400, "B", "DIP", "$1N19777", "", "C", 66.93, 66.93, 43.31, 0],
		[177, "H12_4", 2330, -4400, "T", "DIP", "$1N19779", "", "C", 66.93, 66.93, 43.31, 0],
		[178, "H12_4", 2330, -4400, "B", "DIP", "$1N19779", "", "C", 66.93, 66.93, 43.31, 0],
		[179, "H12_5", 2430, -4400, "T", "DIP", "$1N19781", "", "C", 66.93, 66.93, 43.31, 0],
		[180, "H12_5", 2430, -4400, "B", "DIP", "$1N19781", "", "C", 66.93, 66.93, 43.31, 0],
		[181, "H12_6", 2530, -4400, "T", "DIP", "$1N19783", "", "C", 66.93, 66.93, 43.31, 0],
		[182, "H12_6", 2530, -4400, "B", "DIP", "$1N19783", "", "C", 66.93, 66.93, 43.31, 0],
		[183, "H12_7", 2630, -4400, "T", "DIP", "GND", "GND", "C", 66.93, 66.93, 43.31, 0],
		[184, "H12_7", 2630, -4400, "B", "DIP", "GND", "GND", "C", 66.93, 66.93, 43.31, 0],
		[185, "H12_8", 2730, -4400, "T", "DIP", "+5V", "", "C", 66.93, 66.93, 43.31, 0],
		[186, "H12_8", 2730, -4400, "B", "DIP", "+5V", "", "C", 66.93, 66.93, 43.31, 0],
		[187, "H13_1", 2730, -4510, "T", "DIP", "+5V", "", "R", 59.05, 59.05, 39.37, 180],
		[188, "H13_1", 2730, -4510, "B", "DIP", "+5V", "", "R", 59.05, 59.05, 39.37, 180],
		[189, "H13_2", 2630, -4510, "T", "DIP", "GND", "GND", "C", 59.05, 59.05, 39.37, 180],
		[190, "H13_2", 2630, -4510, "B", "DIP", "GND", "GND", "C", 59.05, 59.05, 39.37, 180],
		[191, "H13_3", 2530, -4510, "T", "DIP", "$1N19783", "", "C", 59.05, 59.05, 39.37, 180],
		[192, "H13_3", 2530, -4510, "B", "DIP", "$1N19783", "", "C", 59.05, 59.05, 39.37, 180],
		[193, "H13_4", 2430, -4510, "T", "DIP", "$1N19781", "", "C", 59.05, 59.05, 39.37, 180],
		[194, "H13_4", 2430, -4510, "B", "DIP", "$1N19781", "", "C", 59.05, 59.05, 39.37, 180],
		[195, "H13_5", 2330, -4510, "T", "DIP", "$1N19779", "", "C", 59.05, 59.05, 39.37, 180],
		[196, "H13_5", 2330, -4510, "B", "DIP", "$1N19779", "", "C", 59.05, 59.05, 39.37, 180],
		[197, "H13_6", 2230, -4510, "T", "DIP", "$1N19777", "", "C", 59.05, 59.05, 39.37, 180],
		[198, "H13_6", 2230, -4510, "B", "DIP", "$1N19777", "", "C", 59.05, 59.05, 39.37, 180],
		[199, "H13_7", 2130, -4510, "T", "DIP", "$1N19775", "", "C", 59.05, 59.05, 39.37, 180],
		[200, "H13_7", 2130, -4510, "B", "DIP", "$1N19775", "", "C", 59.05, 59.05, 39.37, 180],
		[201, "H13_8", 2030, -4510, "T", "DIP", "$1N19773", "", "C", 59.05, 59.05, 39.37, 180],
		[202, "H13_8", 2030, -4510, "B", "DIP", "$1N19773", "", "C", 59.05, 59.05, 39.37, 180],
		[203, "H14_1", 2030, -3690, "T", "DIP", "RX2", "", "R", 59.05, 59.05, 39.37, 0],
		[204, "H14_1", 2030, -3690, "B", "DIP", "RX2", "", "R", 59.05, 59.05, 39.37, 0],
		[205, "H14_2", 2130, -3690, "T", "DIP", "TX2", "", "C", 59.05, 59.05, 39.37, 0],
		[206, "H14_2", 2130, -3690, "B", "DIP", "TX2", "", "C", 59.05, 59.05, 39.37, 0],
		[207, "H14_3", 2230, -3690, "T", "DIP", "$1N19863", "", "C", 59.05, 59.05, 39.37, 0],
		[208, "H14_3", 2230, -3690, "B", "DIP", "$1N19863", "", "C", 59.05, 59.05, 39.37, 0],
		[209, "H14_4", 2330, -3690, "T", "DIP", "$1N19861", "", "C", 59.05, 59.05, 39.37, 0],
		[210, "H14_4", 2330, -3690, "B", "DIP", "$1N19861", "", "C", 59.05, 59.05, 39.37, 0],
		[211, "H14_5", 2430, -3690, "T", "DIP", "$1N19859", "", "C", 59.05, 59.05, 39.37, 0],
		[212, "H14_5", 2430, -3690, "B", "DIP", "$1N19859", "", "C", 59.05, 59.05, 39.37, 0],
		[213, "H14_6", 2530, -3690, "T", "DIP", "$1N19857", "", "C", 59.05, 59.05, 39.37, 0],
		[214, "H14_6", 2530, -3690, "B", "DIP", "$1N19857", "", "C", 59.05, 59.05, 39.37, 0],
		[215, "H14_7", 2630, -3690, "T", "DIP", "$1N19855", "", "C", 59.05, 59.05, 39.37, 0],
		[216, "H14_7", 2630, -3690, "B", "DIP", "$1N19855", "", "C", 59.05, 59.05, 39.37, 0],
		[217, "H14_8", 2730, -3690, "T", "DIP", "$1N19853", "", "C", 59.05, 59.05, 39.37, 0],
		[218, "H14_8", 2730, -3690, "B", "DIP", "$1N19853", "", "C", 59.05, 59.05, 39.37, 0],
		[219, "KBP1_1", 302.63, -1190, "T", "DIP", "VCC", "", "C", 62.99, 62.99, 43.31, 0],
		[220, "KBP1_1", 302.63, -1190, "B", "DIP", "VCC", "", "C", 62.99, 62.99, 43.31, 0],
		[221, "KBP1_2", 454.22, -1190, "T", "DIP", "M1B1", "", "C", 62.99, 62.99, 43.31, 0],
		[222, "KBP1_2", 454.22, -1190, "B", "DIP", "M1B1", "", "C", 62.99, 62.99, 43.31, 0],
		[223, "KBP1_3", 605.78, -1190, "T", "DIP", "M1B2", "", "C", 62.99, 62.99, 43.31, 0],
		[224, "KBP1_3", 605.78, -1190, "B", "DIP", "M1B2", "", "C", 62.99, 62.99, 43.31, 0],
		[225, "KBP1_4", 757.37, -1190, "T", "DIP", "GND", "GND", "C", 62.99, 62.99, 43.31, 0],
		[226, "KBP1_4", 757.37, -1190, "B", "DIP", "GND", "GND", "C", 62.99, 62.99, 43.31, 0],
		[227, "KBP2_1", 302.63, -2245, "T", "DIP", "VCC", "", "C", 62.99, 62.99, 43.31, 0],
		[228, "KBP2_1", 302.63, -2245, "B", "DIP", "VCC", "", "C", 62.99, 62.99, 43.31, 0],
		[229, "KBP2_2", 454.22, -2245, "T", "DIP", "M1A1", "", "C", 62.99, 62.99, 43.31, 0],
		[230, "KBP2_2", 454.22, -2245, "B", "DIP", "M1A1", "", "C", 62.99, 62.99, 43.31, 0],
		[231, "KBP2_3", 605.78, -2245, "T", "DIP", "M1A2", "", "C", 62.99, 62.99, 43.31, 0],
		[232, "KBP2_3", 605.78, -2245, "B", "DIP", "M1A2", "", "C", 62.99, 62.99, 43.31, 0],
		[233, "KBP2_4", 757.37, -2245, "T", "DIP", "GND", "GND", "C", 62.99, 62.99, 43.31, 0],
		[234, "KBP2_4", 757.37, -2245, "B", "DIP", "GND", "GND", "C", 62.99, 62.99, 43.31, 0],
		[235, "KBP3_1", 307.63, -2464, "T", "DIP", "VCC", "", "C", 62.99, 62.99, 43.31, 0],
		[236, "KBP3_1", 307.63, -2464, "B", "DIP", "VCC", "", "C", 62.99, 62.99, 43.31, 0],
		[237, "KBP3_2", 459.22, -2464, "T", "DIP", "M2B1", "", "C", 62.99, 62.99, 43.31, 0],
		[238, "KBP3_2", 459.22, -2464, "B", "DIP", "M2B1", "", "C", 62.99, 62.99, 43.31, 0],
		[239, "KBP3_3", 610.78, -2464, "T", "DIP", "M2B2", "", "C", 62.99, 62.99, 43.31, 0],
		[240, "KBP3_3", 610.78, -2464, "B", "DIP", "M2B2", "", "C", 62.99, 62.99, 43.31, 0],
		[241, "KBP3_4", 762.37, -2464, "T", "DIP", "GND", "GND", "C", 62.99, 62.99, 43.31, 0],
		[242, "KBP3_4", 762.37, -2464, "B", "DIP", "GND", "GND", "C", 62.99, 62.99, 43.31, 0],
		[243, "KBP4_1", 307.63, -3519, "T", "DIP", "VCC", "", "C", 62.99, 62.99, 43.31, 0],
		[244, "KBP4_1", 307.63, -3519, "B", "DIP", "VCC", "", "C", 62.99, 62.99, 43.31, 0],
		[245, "KBP4_2", 459.22, -3519, "T", "DIP", "M2A1", "", "C", 62.99, 62.99, 43.31, 0],
		[246, "KBP4_2", 459.22, -3519, "B", "DIP", "M2A1", "", "C", 62.99, 62.99, 43.31, 0],
		[247, "KBP4_3", 610.78, -3519, "T", "DIP", "M2A2", "", "C", 62.99, 62.99, 43.31, 0],
		[248, "KBP4_3", 610.78, -3519, "B", "DIP", "M2A2", "", "C", 62.99, 62.99, 43.31, 0],
		[249, "KBP4_4", 762.37, -3519, "T", "DIP", "GND", "GND", "C", 62.99, 62.99, 43.31, 0],
		[250, "KBP4_4", 762.37, -3519, "B", "DIP", "GND", "GND", "C", 62.99, 62.99, 43.31, 0],
		[251, "KBP5_1", 302.63, -4800, "T", "DIP", "VCC", "", "C", 62.99, 62.99, 43.31, 0],
		[252, "KBP5_1", 302.63, -4800, "B", "DIP", "VCC", "", "C", 62.99, 62.99, 43.31, 0],
		[253, "KBP5_2", 454.22, -4800, "T", "DIP", "M3A1", "", "C", 62.99, 62.99, 43.31, 0],
		[254, "KBP5_2", 454.22, -4800, "B", "DIP", "M3A1", "", "C", 62.99, 62.99, 43.31, 0],
		[255, "KBP5_3", 605.78, -4800, "T", "DIP", "M3A2", "", "C", 62.99, 62.99, 43.31, 0],
		[256, "KBP5_3", 605.78, -4800, "B", "DIP", "M3A2", "", "C", 62.99, 62.99, 43.31, 0],
		[257, "KBP5_4", 757.37, -4800, "T", "DIP", "GND", "GND", "C", 62.99, 62.99, 43.31, 0],
		[258, "KBP5_4", 757.37, -4800, "B", "DIP", "GND", "GND", "C", 62.99, 62.99, 43.31, 0],
		[259, "KBP6_1", 303.1, -3742.77, "T", "DIP", "VCC", "", "C", 62.99, 62.99, 43.31, 0],
		[260, "KBP6_1", 303.1, -3742.77, "B", "DIP", "VCC", "", "C", 62.99, 62.99, 43.31, 0],
		[261, "KBP6_2", 454.68, -3742.77, "T", "DIP", "M3B1", "", "C", 62.99, 62.99, 43.31, 0],
		[262, "KBP6_2", 454.68, -3742.77, "B", "DIP", "M3B1", "", "C", 62.99, 62.99, 43.31, 0],
		[263, "KBP6_3", 606.25, -3742.77, "T", "DIP", "M3B2", "", "C", 62.99, 62.99, 43.31, 0],
		[264, "KBP6_3", 606.25, -3742.77, "B", "DIP", "M3B2", "", "C", 62.99, 62.99, 43.31, 0],
		[265, "KBP6_4", 757.83, -3742.77, "T", "DIP", "GND", "GND", "C", 62.99, 62.99, 43.31, 0],
		[266, "KBP6_4", 757.83, -3742.77, "B", "DIP", "GND", "GND", "C", 62.99, 62.99, 43.31, 0],
		[267, "KBP7_1", 307.63, -6075, "T", "DIP", "VCC", "", "C", 62.99, 62.99, 43.31, 0],
		[268, "KBP7_1", 307.63, -6075, "B", "DIP", "VCC", "", "C", 62.99, 62.99, 43.31, 0],
		[269, "KBP7_2", 459.22, -6075, "T", "DIP", "M4A1", "", "C", 62.99, 62.99, 43.31, 0],
		[270, "KBP7_2", 459.22, -6075, "B", "DIP", "M4A1", "", "C", 62.99, 62.99, 43.31, 0],
		[271, "KBP7_3", 610.78, -6075, "T", "DIP", "M4A2", "", "C", 62.99, 62.99, 43.31, 0],
		[272, "KBP7_3", 610.78, -6075, "B", "DIP", "M4A2", "", "C", 62.99, 62.99, 43.31, 0],
		[273, "KBP7_4", 762.37, -6075, "T", "DIP", "GND", "GND", "C", 62.99, 62.99, 43.31, 0],
		[274, "KBP7_4", 762.37, -6075, "B", "DIP", "GND", "GND", "C", 62.99, 62.99, 43.31, 0],
		[275, "KBP8_1", 307.63, -5020, "T", "DIP", "VCC", "", "C", 62.99, 62.99, 43.31, 0],
		[276, "KBP8_1", 307.63, -5020, "B", "DIP", "VCC", "", "C", 62.99, 62.99, 43.31, 0],
		[277, "KBP8_2", 459.22, -5020, "T", "DIP", "M4B1", "", "C", 62.99, 62.99, 43.31, 0],
		[278, "KBP8_2", 459.22, -5020, "B", "DIP", "M4B1", "", "C", 62.99, 62.99, 43.31, 0],
		[279, "KBP8_3", 610.78, -5020, "T", "DIP", "M4B2", "", "C", 62.99, 62.99, 43.31, 0],
		[280, "KBP8_3", 610.78, -5020, "B", "DIP", "M4B2", "", "C", 62.99, 62.99, 43.31, 0],
		[281, "KBP8_4", 762.37, -5020, "T", "DIP", "GND", "GND", "C", 62.99, 62.99, 43.31, 0],
		[282, "KBP8_4", 762.37, -5020, "B", "DIP", "GND", "GND", "C", 62.99, 62.99, 43.31, 0],
		[283, "L2_1", 3695, -2700, "T", "SMD", "$3N586", "", "R", 29.92, 65.35, 0, 0],
		[284, "L2_2", 3645, -2700, "T", "SMD", "$3N1059", "", "R", 29.92, 65.35, 0, 0],
		[285, "L2_3", 3595, -2700, "T", "SMD", "$3N592", "", "R", 29.92, 65.35, 0, 0],
		[286, "L2_4", 3545, -2700, "T", "SMD", "L2_4", "", "R", 29.92, 65.35, 0, 0],
		[287, "L2_5", 3495, -2700, "T", "SMD", "L2_5", "", "R", 29.92, 65.35, 0, 0],
		[288, "L2_6", 3445, -2700, "T", "SMD", "L2_6", "", "R", 29.92, 65.35, 0, 0],
		[289, "L2_7", 3395, -2700, "T", "SMD", "L2_7", "", "R", 29.92, 65.35, 0, 0],
		[290, "L2_8", 3345, -2700, "T", "SMD", "L2_8", "", "R", 29.92, 65.35, 0, 0],
		[291, "L2_9", 3345, -3040, "T", "SMD", "L2_9", "", "R", 29.92, 65.35, 0, 0],
		[292, "L2_10", 3395, -3040, "T", "SMD", "L2_10", "", "R", 29.92, 65.35, 0, 0],
		[293, "L2_11", 3445, -3040, "T", "SMD", "L2_11", "", "R", 29.92, 65.35, 0, 0],
		[294, "L2_12", 3495, -3040, "T", "SMD", "L2_12", "", "R", 29.92, 65.35, 0, 0],
		[295, "L2_13", 3545, -3040, "T", "SMD", "L2_13", "", "R", 29.92, 65.35, 0, 0],
		[296, "L2_14", 3595, -3040, "T", "SMD", "IM", "", "R", 29.92, 65.35, 0, 0],
		[297, "L2_15", 3645, -3040, "T", "SMD", "L2_15", "", "R", 29.92, 65.35, 0, 0],
		[298, "L2_16", 3695, -3040, "T", "SMD", "IP", "", "R", 29.92, 65.35, 0, 0],
		[299, "L5_1", 3795, -5504.57, "T", "SMD", "$2N12797", "", "R", 114.17, 212.6, 0, 90],
		[300, "L5_2", 3795, -5075.43, "T", "SMD", "+5V", "", "R", 114.17, 212.6, 0, 90],
		[301, "LCAP_1", 2590, -6142.36, "T", "DIP", "VCC", "", "C", 86.61, 86.61, 47.24, 270],
		[302, "LCAP_1", 2590, -6142.36, "B", "DIP", "VCC", "", "C", 86.61, 86.61, 47.24, 270],
		[303, "LCAP_2", 2590, -6437.64, "T", "DIP", "GND", "GND", "C", 86.61, 86.61, 47.24, 270],
		[304, "LCAP_2", 2590, -6437.64, "B", "DIP", "GND", "GND", "C", 86.61, 86.61, 47.24, 270],
		[305, "LED1_1", 3842.08, -1296, "T", "SMD", "$5N1105", "", "R", 31.5, 31.5, 0, 0],
		[306, "LED1_2", 3842.09, -1358.95, "T", "SMD", "END1", "", "R", 31.5, 31.5, 0, 0],
		[307, "LED2_1", 3842.08, -1732.52, "T", "SMD", "$5N3265", "", "R", 31.5, 31.5, 0, 0],
		[308, "LED2_2", 3842.09, -1795.47, "T", "SMD", "END2", "", "R", 31.5, 31.5, 0, 0],
		[309, "LED3_1", 3842.08, -2160.19, "T", "SMD", "$5N3434", "", "R", 31.5, 31.5, 0, 0],
		[310, "LED3_2", 3842.09, -2223.14, "T", "SMD", "END3", "", "R", 31.5, 31.5, 0, 0],
		[311, "LED3V_1", 3894.87, -4496.54, "T", "SMD", "$2N28334", "", "R", 31.5, 31.5, 0, 0],
		[312, "LED3V_2", 3894.88, -4559.49, "T", "SMD", "+3V", "", "R", 31.5, 31.5, 0, 0],
		[313, "LED4_1", 3842.08, -2600.47, "T", "SMD", "$5N3603", "", "R", 31.5, 31.5, 0, 0],
		[314, "LED4_2", 3842.09, -2663.42, "T", "SMD", "END4", "", "R", 31.5, 31.5, 0, 0],
		[315, "LED5V_1", 3137.17, -4938.85, "T", "SMD", "$2N28208", "", "R", 31.5, 31.5, 0, 270],
		[316, "LED5V_2", 3074.22, -4938.86, "T", "SMD", "+5V", "", "R", 31.5, 31.5, 0, 270],
		[317, "LED_VIO_1", 2271, -5722.53, "T", "SMD", "$2N28430", "", "R", 31.5, 31.5, 0, 180],
		[318, "LED_VIO_2", 2270.99, -5659.58, "T", "SMD", "VIO_M", "", "R", 31.5, 31.5, 0, 180],
		[319, "LTC_1", 3333.5, -2391.1, "T", "SMD", "+3V", "", "R", 47.24, 11.02, 0, 0],
		[320, "LTC_2", 3333.5, -2410.79, "T", "SMD", "MOSI", "", "R", 47.24, 11.02, 0, 0],
		[321, "LTC_3", 3333.5, -2430.47, "T", "SMD", "MISO", "", "R", 47.24, 11.02, 0, 0],
		[322, "LTC_4", 3333.5, -2450.16, "T", "SMD", "SCK", "", "R", 47.24, 11.02, 0, 0],
		[323, "LTC_5", 3333.5, -2469.84, "T", "SMD", "CS_OLED", "", "R", 47.24, 11.02, 0, 0],
		[324, "LTC_6", 3333.5, -2489.53, "T", "SMD", "+3V", "", "R", 47.24, 11.02, 0, 0],
		[325, "LTC_7", 3333.5, -2509.21, "T", "SMD", "GND", "GND", "R", 47.24, 11.02, 0, 0],
		[326, "LTC_8", 3333.5, -2528.9, "T", "SMD", "GND", "GND", "R", 47.24, 11.02, 0, 0],
		[327, "LTC_9", 3506.5, -2528.9, "T", "SMD", "+3V", "", "R", 47.24, 11.02, 0, 0],
		[328, "LTC_10", 3506.5, -2509.21, "T", "SMD", "$3N592", "", "R", 47.24, 11.02, 0, 0],
		[329, "LTC_11", 3506.5, -2489.53, "T", "SMD", "$3N586", "", "R", 47.24, 11.02, 0, 0],
		[330, "LTC_12", 3506.5, -2469.84, "T", "SMD", "+3V", "", "R", 47.24, 11.02, 0, 0],
		[331, "LTC_13", 3506.5, -2450.16, "T", "SMD", "$3N8711", "", "R", 47.24, 11.02, 0, 0],
		[332, "LTC_14", 3506.5, -2430.47, "T", "SMD", "GND", "GND", "R", 47.24, 11.02, 0, 0],
		[333, "LTC_15", 3506.5, -2410.79, "T", "SMD", "$3N727", "", "R", 47.24, 11.02, 0, 0],
		[334, "LTC_16", 3506.5, -2391.1, "T", "SMD", "$3N699", "", "R", 47.24, 11.02, 0, 0],
		[335, "M1_1", 500, -1370, "T", "DIP", "M1B2", "", "C", 98.42, 98.42, 70.87, 270],
		[336, "M1_1", 500, -1370, "B", "DIP", "M1B2", "", "C", 98.42, 98.42, 70.87, 270],
		[337, "M1_2", 500, -1570, "T", "DIP", "M1B1", "", "C", 98.42, 98.42, 70.87, 270],
		[338, "M1_2", 500, -1570, "B", "DIP", "M1B1", "", "C", 98.42, 98.42, 70.87, 270],
		[339, "M1_3", 500, -1770, "T", "DIP", "M1A1", "", "C", 98.42, 98.42, 70.87, 270],
		[340, "M1_3", 500, -1770, "B", "DIP", "M1A1", "", "C", 98.42, 98.42, 70.87, 270],
		[341, "M1_4", 500, -1970, "T", "DIP", "M1A2", "", "C", 98.42, 98.42, 70.87, 270],
		[342, "M1_4", 500, -1970, "B", "DIP", "M1A2", "", "C", 98.42, 98.42, 70.87, 270],
		[343, "M2_1", 500, -2644, "T", "DIP", "M2B2", "", "C", 98.42, 98.42, 70.87, 270],
		[344, "M2_1", 500, -2644, "B", "DIP", "M2B2", "", "C", 98.42, 98.42, 70.87, 270],
		[345, "M2_2", 500, -2844, "T", "DIP", "M2B1", "", "C", 98.42, 98.42, 70.87, 270],
		[346, "M2_2", 500, -2844, "B", "DIP", "M2B1", "", "C", 98.42, 98.42, 70.87, 270],
		[347, "M2_3", 500, -3044, "T", "DIP", "M2A1", "", "C", 98.42, 98.42, 70.87, 270],
		[348, "M2_3", 500, -3044, "B", "DIP", "M2A1", "", "C", 98.42, 98.42, 70.87, 270],
		[349, "M2_4", 500, -3244, "T", "DIP", "M2A2", "", "C", 98.42, 98.42, 70.87, 270],
		[350, "M2_4", 500, -3244, "B", "DIP", "M2A2", "", "C", 98.42, 98.42, 70.87, 270],
		[351, "M3_1", 500, -3925, "T", "DIP", "M3B2", "", "C", 98.42, 98.42, 70.87, 270],
		[352, "M3_1", 500, -3925, "B", "DIP", "M3B2", "", "C", 98.42, 98.42, 70.87, 270],
		[353, "M3_2", 500, -4125, "T", "DIP", "M3B1", "", "C", 98.42, 98.42, 70.87, 270],
		[354, "M3_2", 500, -4125, "B", "DIP", "M3B1", "", "C", 98.42, 98.42, 70.87, 270],
		[355, "M3_3", 500, -4325, "T", "DIP", "M3A1", "", "C", 98.42, 98.42, 70.87, 270],
		[356, "M3_3", 500, -4325, "B", "DIP", "M3A1", "", "C", 98.42, 98.42, 70.87, 270],
		[357, "M3_4", 500, -4525, "T", "DIP", "M3A2", "", "C", 98.42, 98.42, 70.87, 270],
		[358, "M3_4", 500, -4525, "B", "DIP", "M3A2", "", "C", 98.42, 98.42, 70.87, 270],
		[359, "M4_1", 500, -5200, "T", "DIP", "M4B2", "", "C", 98.42, 98.42, 70.87, 270],
		[360, "M4_1", 500, -5200, "B", "DIP", "M4B2", "", "C", 98.42, 98.42, 70.87, 270],
		[361, "M4_2", 500, -5400, "T", "DIP", "M4B1", "", "C", 98.42, 98.42, 70.87, 270],
		[362, "M4_2", 500, -5400, "B", "DIP", "M4B1", "", "C", 98.42, 98.42, 70.87, 270],
		[363, "M4_3", 500, -5600, "T", "DIP", "M4A1", "", "C", 98.42, 98.42, 70.87, 270],
		[364, "M4_3", 500, -5600, "B", "DIP", "M4A1", "", "C", 98.42, 98.42, 70.87, 270],
		[365, "M4_4", 500, -5800, "T", "DIP", "M4A2", "", "C", 98.42, 98.42, 70.87, 270],
		[366, "M4_4", 500, -5800, "B", "DIP", "M4A2", "", "C", 98.42, 98.42, 70.87, 270],
		[367, "R1_1", 3573.91, -2546.69, "T", "SMD", "$3N592", "", "R", 22.27, 21.26, 0, 45],
		[368, "R1_2", 3598.01, -2522.6, "T", "SMD", "$3N586", "", "R", 22.27, 21.26, 0, 45],
		[369, "R2_1", 3451.12, -2350, "T", "SMD", "$3N699", "", "R", 22.27, 21.26, 0, 180],
		[370, "R2_2", 3417.04, -2350, "T", "SMD", "$3N727", "", "R", 22.27, 21.26, 0, 180],
		[371, "R3_1", 3498.88, -2350, "T", "SMD", "$3N727", "", "R", 22.27, 21.26, 0, 0],
		[372, "R3_2", 3532.96, -2350, "T", "SMD", "GND", "GND", "R", 22.27, 21.26, 0, 0],
		[373, "R9_1", 2219.13, -2377.78, "T", "SMD", "MISO", "", "R", 22.27, 21.26, 0, 270],
		[374, "R9_2", 2219.13, -2411.86, "T", "SMD", "+3V", "", "R", 22.27, 21.26, 0, 270],
		[375, "R10_1", 2220, -2287.96, "T", "SMD", "GND", "GND", "R", 22.27, 21.26, 0, 270],
		[376, "R10_2", 2220, -2322.04, "T", "SMD", "MISO", "", "R", 22.27, 21.26, 0, 270],
		[377, "R11_1", 3844.58, -1205.45, "T", "SMD", "GND", "GND", "R", 22.27, 21.26, 0, 270],
		[378, "R11_2", 3844.58, -1239.53, "T", "SMD", "$5N1105", "", "R", 22.27, 21.26, 0, 270],
		[379, "R14_1", 3832.39, -1642.23, "T", "SMD", "GND", "GND", "R", 22.27, 21.26, 0, 270],
		[380, "R14_2", 3832.39, -1676.31, "T", "SMD", "$5N3265", "", "R", 22.27, 21.26, 0, 270],
		[381, "R15_1", 3832.39, -2069.62, "T", "SMD", "GND", "GND", "R", 22.27, 21.26, 0, 270],
		[382, "R15_2", 3832.39, -2103.7, "T", "SMD", "$5N3434", "", "R", 22.27, 21.26, 0, 270],
		[383, "R16_1", 3832.39, -2504.9, "T", "SMD", "GND", "GND", "R", 22.27, 21.26, 0, 270],
		[384, "R16_2", 3832.39, -2538.98, "T", "SMD", "$5N3603", "", "R", 22.27, 21.26, 0, 270],
		[385, "R17_1", 2271.51, -1678.77, "T", "SMD", "+3V", "", "R", 31.75, 34.02, 0, 180],
		[386, "R17_2", 2212.19, -1678.77, "T", "SMD", "CS_M1", "", "R", 31.75, 34.02, 0, 180],
		[387, "R18_1", 2271.51, -1981.47, "T", "SMD", "+3V", "", "R", 31.75, 34.02, 0, 180],
		[388, "R18_2", 2212.19, -1981.47, "T", "SMD", "CS_M2", "", "R", 31.75, 34.02, 0, 180],
		[389, "R19_1", 2271.51, -2584.17, "T", "SMD", "+3V", "", "R", 31.75, 34.02, 0, 180],
		[390, "R19_2", 2212.19, -2584.17, "T", "SMD", "CS_M3", "", "R", 31.75, 34.02, 0, 180],
		[391, "R20_1", 2271.51, -2881.87, "T", "SMD", "+3V", "", "R", 31.75, 34.02, 0, 180],
		[392, "R20_2", 2212.19, -2881.87, "T", "SMD", "CS_M4", "", "R", 31.75, 34.02, 0, 180],
		[393, "R21_1", 3222.74, -4939.22, "T", "SMD", "GND", "GND", "R", 22.27, 21.26, 0, 180],
		[394, "R21_2", 3188.66, -4939.22, "T", "SMD", "$2N28208", "", "R", 22.27, 21.26, 0, 180],
		[395, "R22_1", 3895.66, -4404.03, "T", "SMD", "GND", "GND", "R", 22.27, 21.26, 0, 270],
		[396, "R22_2", 3895.66, -4438.11, "T", "SMD", "$2N28334", "", "R", 22.27, 21.26, 0, 270],
		[397, "R23_1", 2271.56, -5813.3, "T", "SMD", "GND", "GND", "R", 22.27, 21.26, 0, 90],
		[398, "R23_2", 2271.56, -5779.22, "T", "SMD", "$2N28430", "", "R", 22.27, 21.26, 0, 90],
		[399, "R_Miso_1", 3291.84, -2347.04, "T", "SMD", "MISO", "", "R", 22.27, 21.26, 0, 0],
		[400, "R_Miso_2", 3325.92, -2347.04, "T", "SMD", "+3V", "", "R", 22.27, 21.26, 0, 0],
		[401, "R_slow_1", 3606.27, -2425.14, "T", "SMD", "$3N8711", "", "R", 22.27, 21.26, 0, 90],
		[402, "R_slow_2", 3606.27, -2391.06, "T", "SMD", "GND", "GND", "R", 22.27, 21.26, 0, 90],
		[403, "RJ1_1", 3739.37, -3600, "T", "DIP", "+3V", "", "C", 60, 60, 36, 270],
		[404, "RJ1_1", 3739.37, -3600, "B", "DIP", "+3V", "", "C", 60, 60, 36, 270],
		[405, "RJ1_2", 3639.37, -3550, "T", "DIP", "GND", "GND", "C", 60, 60, 36, 270],
		[406, "RJ1_2", 3639.37, -3550, "B", "DIP", "GND", "GND", "C", 60, 60, 36, 270],
		[407, "RJ1_3", 3739.37, -3500, "T", "DIP", "ENC_SW", "", "C", 60, 60, 36, 270],
		[408, "RJ1_3", 3739.37, -3500, "B", "DIP", "ENC_SW", "", "C", 60, 60, 36, 270],
		[409, "RJ1_4", 3639.37, -3450, "T", "DIP", "ENC_CLK", "", "C", 60, 60, 36, 270],
		[410, "RJ1_4", 3639.37, -3450, "B", "DIP", "ENC_CLK", "", "C", 60, 60, 36, 270],
		[411, "RJ1_5", 3739.37, -3400, "T", "DIP", "ENC_DT", "", "C", 60, 60, 36, 270],
		[412, "RJ1_5", 3739.37, -3400, "B", "DIP", "ENC_DT", "", "C", 60, 60, 36, 270],
		[413, "RJ1_6", 3639.37, -3350, "T", "DIP", "DC_OLED", "", "C", 60, 60, 36, 270],
		[414, "RJ1_6", 3639.37, -3350, "B", "DIP", "DC_OLED", "", "C", 60, 60, 36, 270],
		[415, "RJ1_7", 3739.37, -3300, "T", "DIP", "IP", "", "C", 60, 60, 36, 270],
		[416, "RJ1_7", 3739.37, -3300, "B", "DIP", "IP", "", "C", 60, 60, 36, 270],
		[417, "RJ1_8", 3639.37, -3250, "T", "DIP", "IM", "", "C", 60, 60, 36, 270],
		[418, "RJ1_8", 3639.37, -3250, "B", "DIP", "IM", "", "C", 60, 60, 36, 270],
		[419, "RJ1_9", 4109.45, -3730.12, "T", "DIP", "GND", "GND", "C", 98.42, 98.42, 62.99, 270],
		[420, "RJ1_9", 4109.45, -3730.12, "B", "DIP", "GND", "GND", "C", 98.42, 98.42, 62.99, 270],
		[421, "RJ1_10", 4109.45, -3119.88, "T", "DIP", "GND", "GND", "C", 98.42, 98.42, 62.99, 270],
		[422, "RJ1_10", 4109.45, -3119.88, "B", "DIP", "GND", "GND", "C", 98.42, 98.42, 62.99, 270],
		[423, "SQ15_1", 3526.06, -6030, "T", "DIP", "$2N1169", "", "C", 118.11, 118.11, 82.68, 180],
		[424, "SQ15_1", 3526.06, -6030, "B", "DIP", "$2N1169", "", "C", 118.11, 118.11, 82.68, 180],
		[425, "SQ15_2", 4033.94, -6030, "T", "DIP", "$2N1165", "", "C", 118.11, 118.11, 82.68, 180],
		[426, "SQ15_2", 4033.94, -6030, "B", "DIP", "$2N1165", "", "C", 118.11, 118.11, 82.68, 180],
		[427, "TEENSY_1", 2085, -1079.61, "T", "DIP", "GND", "GND", "C", 60, 60, 37.4, 90],
		[428, "TEENSY_1", 2085, -1079.61, "B", "DIP", "GND", "GND", "C", 60, 60, 37.4, 90],
		[429, "TEENSY_2", 2085, -1179.61, "T", "DIP", "RX2", "", "C", 60, 60, 37.4, 90],
		[430, "TEENSY_2", 2085, -1179.61, "B", "DIP", "RX2", "", "C", 60, 60, 37.4, 90],
		[431, "TEENSY_3", 2085, -1279.61, "T", "DIP", "TX2", "", "C", 60, 60, 37.4, 90],
		[432, "TEENSY_3", 2085, -1279.61, "B", "DIP", "TX2", "", "C", 60, 60, 37.4, 90],
		[433, "TEENSY_4", 2085, -1379.61, "T", "DIP", "EN", "", "C", 60, 60, 37.4, 90],
		[434, "TEENSY_4", 2085, -1379.61, "B", "DIP", "EN", "", "C", 60, 60, 37.4, 90],
		[435, "TEENSY_5", 2085, -1479.61, "T", "DIP", "DIR_M1", "", "C", 60, 60, 37.4, 90],
		[436, "TEENSY_5", 2085, -1479.61, "B", "DIP", "DIR_M1", "", "C", 60, 60, 37.4, 90],
		[437, "TEENSY_6", 2085, -1579.61, "T", "DIP", "STEP_M1", "", "C", 60, 60, 37.4, 90],
		[438, "TEENSY_6", 2085, -1579.61, "B", "DIP", "STEP_M1", "", "C", 60, 60, 37.4, 90],
		[439, "TEENSY_7", 2085, -1679.61, "T", "DIP", "CS_M1", "", "C", 60, 60, 37.4, 90],
		[440, "TEENSY_7", 2085, -1679.61, "B", "DIP", "CS_M1", "", "C", 60, 60, 37.4, 90],
		[441, "TEENSY_8", 2085, -1779.61, "T", "DIP", "DIR_M2", "", "C", 60, 60, 37.4, 90],
		[442, "TEENSY_8", 2085, -1779.61, "B", "DIP", "DIR_M2", "", "C", 60, 60, 37.4, 90],
		[443, "TEENSY_9", 2085, -1879.61, "T", "DIP", "STEP_M2", "", "C", 60, 60, 37.4, 90],
		[444, "TEENSY_9", 2085, -1879.61, "B", "DIP", "STEP_M2", "", "C", 60, 60, 37.4, 90],
		[445, "TEENSY_10", 2085, -1979.61, "T", "DIP", "CS_M2", "", "C", 60, 60, 37.4, 90],
		[446, "TEENSY_10", 2085, -1979.61, "B", "DIP", "CS_M2", "", "C", 60, 60, 37.4, 90],
		[447, "TEENSY_11", 2085, -2079.61, "T", "DIP", "DIR_M3", "", "C", 60, 60, 37.4, 90],
		[448, "TEENSY_11", 2085, -2079.61, "B", "DIP", "DIR_M3", "", "C", 60, 60, 37.4, 90],
		[449, "TEENSY_12", 2085, -2179.61, "T", "DIP", "STEP_M3", "", "C", 60, 60, 37.4, 90],
		[450, "TEENSY_12", 2085, -2179.61, "B", "DIP", "STEP_M3", "", "C", 60, 60, 37.4, 90],
		[451, "TEENSY_13", 2085, -2279.61, "T", "DIP", "MOSI", "", "C", 60, 60, 37.4, 90],
		[452, "TEENSY_13", 2085, -2279.61, "B", "DIP", "MOSI", "", "C", 60, 60, 37.4, 90],
		[453, "TEENSY_14", 2085, -2379.61, "T", "DIP", "MISO", "", "C", 60, 60, 37.4, 90],
		[454, "TEENSY_14", 2085, -2379.61, "B", "DIP", "MISO", "", "C", 60, 60, 37.4, 90],
		[455, "TEENSY_15", 2085, -2479.61, "T", "DIP", "TEENSY_15", "", "C", 60, 60, 37.4, 90],
		[456, "TEENSY_15", 2085, -2479.61, "B", "DIP", "TEENSY_15", "", "C", 60, 60, 37.4, 90],
		[457, "TEENSY_16", 2085, -2579.61, "T", "DIP", "CS_M3", "", "C", 60, 60, 37.4, 90],
		[458, "TEENSY_16", 2085, -2579.61, "B", "DIP", "CS_M3", "", "C", 60, 60, 37.4, 90],
		[459, "TEENSY_17", 2085, -2679.61, "T", "DIP", "DIR_M4", "", "C", 60, 60, 37.4, 90],
		[460, "TEENSY_17", 2085, -2679.61, "B", "DIP", "DIR_M4", "", "C", 60, 60, 37.4, 90],
		[461, "TEENSY_18", 2085, -2779.61, "T", "DIP", "STEP_M4", "", "C", 60, 60, 37.4, 90],
		[462, "TEENSY_18", 2085, -2779.61, "B", "DIP", "STEP_M4", "", "C", 60, 60, 37.4, 90],
		[463, "TEENSY_19", 2085, -2879.61, "T", "DIP", "CS_M4", "", "C", 60, 60, 37.4, 90],
		[464, "TEENSY_19", 2085, -2879.61, "B", "DIP", "CS_M4", "", "C", 60, 60, 37.4, 90],
		[465, "TEENSY_20", 2085, -2979.61, "T", "DIP", "TEENSY_20", "", "C", 60, 60, 37.4, 90],
		[466, "TEENSY_20", 2085, -2979.61, "B", "DIP", "TEENSY_20", "", "C", 60, 60, 37.4, 90],
		[467, "TEENSY_21", 2085, -3079.61, "T", "DIP", "DIAG_M1", "", "C", 60, 60, 37.4, 90],
		[468, "TEENSY_21", 2085, -3079.61, "B", "DIP", "DIAG_M1", "", "C", 60, 60, 37.4, 90],
		[469, "TEENSY_22", 2085, -3179.61, "T", "DIP", "DIAG_M2", "", "C", 60, 60, 37.4, 90],
		[470, "TEENSY_22", 2085, -3179.61, "B", "DIP", "DIAG_M2", "", "C", 60, 60, 37.4, 90],
		[471, "TEENSY_23", 2085, -3279.61, "T", "DIP", "DIAG_M3", "", "C", 60, 60, 37.4, 90],
		[472, "TEENSY_23", 2085, -3279.61, "B", "DIP", "DIAG_M3", "", "C", 60, 60, 37.4, 90],
		[473, "TEENSY_24", 2085, -3379.61, "T", "DIP", "DIAG_M4", "", "C", 60, 60, 37.4, 90],
		[474, "TEENSY_24", 2085, -3379.61, "B", "DIP", "DIAG_M4", "", "C", 60, 60, 37.4, 90],
		[475, "TEENSY_25", 2685, -3379.61, "T", "DIP", "MAN_DOWN", "", "C", 60, 60, 37.4, 90],
		[476, "TEENSY_25", 2685, -3379.61, "B", "DIP", "MAN_DOWN", "", "C", 60, 60, 37.4, 90],
		[477, "TEENSY_26", 2685, -3279.61, "T", "DIP", "MAN_UP", "", "C", 60, 60, 37.4, 90],
		[478, "TEENSY_26", 2685, -3279.61, "B", "DIP", "MAN_UP", "", "C", 60, 60, 37.4, 90],
		[479, "TEENSY_27", 2685, -3179.61, "T", "DIP", "ENC_SW", "", "C", 60, 60, 37.4, 90],
		[480, "TEENSY_27", 2685, -3179.61, "B", "DIP", "ENC_SW", "", "C", 60, 60, 37.4, 90],
		[481, "TEENSY_28", 2685, -3079.61, "T", "DIP", "ENC_DT", "", "C", 60, 60, 37.4, 90],
		[482, "TEENSY_28", 2685, -3079.61, "B", "DIP", "ENC_DT", "", "C", 60, 60, 37.4, 90],
		[483, "TEENSY_29", 2685, -2979.61, "T", "DIP", "ENC_CLK", "", "C", 60, 60, 37.4, 90],
		[484, "TEENSY_29", 2685, -2979.61, "B", "DIP", "ENC_CLK", "", "C", 60, 60, 37.4, 90],
		[485, "TEENSY_30", 2685, -2879.61, "T", "DIP", "RST_OLED", "", "C", 60, 60, 37.4, 90],
		[486, "TEENSY_30", 2685, -2879.61, "B", "DIP", "RST_OLED", "", "C", 60, 60, 37.4, 90],
		[487, "TEENSY_31", 2685, -2779.61, "T", "DIP", "DC_OLED", "", "C", 60, 60, 37.4, 90],
		[488, "TEENSY_31", 2685, -2779.61, "B", "DIP", "DC_OLED", "", "C", 60, 60, 37.4, 90],
		[489, "TEENSY_32", 2685, -2679.61, "T", "DIP", "CS_OLED", "", "C", 60, 60, 37.4, 90],
		[490, "TEENSY_32", 2685, -2679.61, "B", "DIP", "CS_OLED", "", "C", 60, 60, 37.4, 90],
		[491, "TEENSY_33", 2685, -2579.61, "T", "DIP", "TEENSY_33", "", "C", 60, 60, 37.4, 90],
		[492, "TEENSY_33", 2685, -2579.61, "B", "DIP", "TEENSY_33", "", "C", 60, 60, 37.4, 90],
		[493, "TEENSY_34", 2685, -2479.61, "T", "DIP", "TEENSY_34", "", "C", 60, 60, 37.4, 90],
		[494, "TEENSY_34", 2685, -2479.61, "B", "DIP", "TEENSY_34", "", "C", 60, 60, 37.4, 90],
		[495, "TEENSY_35", 2685, -2379.61, "T", "DIP", "SCK", "", "C", 60, 60, 37.4, 90],
		[496, "TEENSY_35", 2685, -2379.61, "B", "DIP", "SCK", "", "C", 60, 60, 37.4, 90],
		[497, "TEENSY_36", 2685, -2279.61, "T", "DIP", "SP1", "", "C", 60, 60, 37.4, 90],
		[498, "TEENSY_36", 2685, -2279.61, "B", "DIP", "SP1", "", "C", 60, 60, 37.4, 90],
		[499, "TEENSY_37", 2685, -2179.61, "T", "DIP", "SP2", "", "C", 60, 60, 37.4, 90],
		[500, "TEENSY_37", 2685, -2179.61, "B", "DIP", "SP2", "", "C", 60, 60, 37.4, 90],
		[501, "TEENSY_38", 2685, -2079.61, "T", "DIP", "SP3", "", "C", 60, 60, 37.4, 90],
		[502, "TEENSY_38", 2685, -2079.61, "B", "DIP", "SP3", "", "C", 60, 60, 37.4, 90],
		[503, "TEENSY_39", 2685, -1979.61, "T", "DIP", "SP4", "", "C", 60, 60, 37.4, 90],
		[504, "TEENSY_39", 2685, -1979.61, "B", "DIP", "SP4", "", "C", 60, 60, 37.4, 90],
		[505, "TEENSY_40", 2685, -1879.61, "T", "DIP", "SDA", "", "C", 60, 60, 37.4, 90],
		[506, "TEENSY_40", 2685, -1879.61, "B", "DIP", "SDA", "", "C", 60, 60, 37.4, 90],
		[507, "TEENSY_41", 2685, -1779.61, "T", "DIP", "SCL", "", "C", 60, 60, 37.4, 90],
		[508, "TEENSY_41", 2685, -1779.61, "B", "DIP", "SCL", "", "C", 60, 60, 37.4, 90],
		[509, "TEENSY_42", 2685, -1679.61, "T", "DIP", "END4", "", "C", 60, 60, 37.4, 90],
		[510, "TEENSY_42", 2685, -1679.61, "B", "DIP", "END4", "", "C", 60, 60, 37.4, 90],
		[511, "TEENSY_43", 2685, -1579.61, "T", "DIP", "END3", "", "C", 60, 60, 37.4, 90],
		[512, "TEENSY_43", 2685, -1579.61, "B", "DIP", "END3", "", "C", 60, 60, 37.4, 90],
		[513, "TEENSY_44", 2685, -1479.61, "T", "DIP", "END2", "", "C", 60, 60, 37.4, 90],
		[514, "TEENSY_44", 2685, -1479.61, "B", "DIP", "END2", "", "C", 60, 60, 37.4, 90],
		[515, "TEENSY_45", 2685, -1379.61, "T", "DIP", "END1", "", "C", 60, 60, 37.4, 90],
		[516, "TEENSY_45", 2685, -1379.61, "B", "DIP", "END1", "", "C", 60, 60, 37.4, 90],
		[517, "TEENSY_46", 2685, -1279.61, "T", "DIP", "$1N20253", "", "C", 60, 60, 37.4, 90],
		[518, "TEENSY_46", 2685, -1279.61, "B", "DIP", "$1N20253", "", "C", 60, 60, 37.4, 90],
		[519, "TEENSY_47", 2685, -1179.61, "T", "DIP", "GND", "GND", "C", 60, 60, 37.4, 90],
		[520, "TEENSY_47", 2685, -1179.61, "B", "DIP", "GND", "GND", "C", 60, 60, 37.4, 90],
		[521, "TEENSY_48", 2685, -1079.61, "T", "DIP", "+5V", "", "C", 60, 60, 37.4, 90],
		[522, "TEENSY_48", 2685, -1079.61, "B", "DIP", "+5V", "", "C", 60, 60, 37.4, 90],
		[523, "TEENSY_49", 2585, -1179.61, "T", "DIP", "$1N4255", "", "C", 60, 60, 37.4, 90],
		[524, "TEENSY_49", 2585, -1179.61, "B", "DIP", "$1N4255", "", "C", 60, 60, 37.4, 90],
		[525, "TMC1_1", 1196.65, -2015.55, "T", "DIP", "EN", "", "R", 78.74, 78.74, 47.24, 180],
		[526, "TMC1_1", 1196.65, -2015.55, "B", "DIP", "EN", "", "R", 78.74, 78.74, 47.24, 180],
		[527, "TMC1_2", 1196.65, -1915.55, "T", "DIP", "MOSI", "", "C", 78.74, 78.74, 47.24, 180],
		[528, "TMC1_2", 1196.65, -1915.55, "B", "DIP", "MOSI", "", "C", 78.74, 78.74, 47.24, 180],
		[529, "TMC1_3", 1196.65, -1815.55, "T", "DIP", "SCK", "", "C", 78.74, 78.74, 47.24, 180],
		[530, "TMC1_3", 1196.65, -1815.55, "B", "DIP", "SCK", "", "C", 78.74, 78.74, 47.24, 180],
		[531, "TMC1_4", 1196.65, -1715.55, "T", "DIP", "CS_M1", "", "C", 78.74, 78.74, 47.24, 180],
		[532, "TMC1_4", 1196.65, -1715.55, "B", "DIP", "CS_M1", "", "C", 78.74, 78.74, 47.24, 180],
		[533, "TMC1_5", 1196.65, -1615.55, "T", "DIP", "MISO", "", "C", 78.74, 78.74, 47.24, 180],
		[534, "TMC1_5", 1196.65, -1615.55, "B", "DIP", "MISO", "", "C", 78.74, 78.74, 47.24, 180],
		[535, "TMC1_6", 1196.65, -1515.55, "T", "DIP", "TMC1_6", "", "C", 78.74, 78.74, 47.24, 180],
		[536, "TMC1_6", 1196.65, -1515.55, "B", "DIP", "TMC1_6", "", "C", 78.74, 78.74, 47.24, 180],
		[537, "TMC1_7", 1196.65, -1415.55, "T", "DIP", "STEP_M1", "", "C", 78.74, 78.74, 47.24, 180],
		[538, "TMC1_7", 1196.65, -1415.55, "B", "DIP", "STEP_M1", "", "C", 78.74, 78.74, 47.24, 180],
		[539, "TMC1_8", 1196.65, -1315.55, "T", "DIP", "DIR_M1", "", "C", 78.74, 78.74, 47.24, 180],
		[540, "TMC1_8", 1196.65, -1315.55, "B", "DIP", "DIR_M1", "", "C", 78.74, 78.74, 47.24, 180],
		[541, "TMC1_9", 696.65, -1315.55, "T", "DIP", "GND", "GND", "C", 78.74, 78.74, 47.24, 180],
		[542, "TMC1_9", 696.65, -1315.55, "B", "DIP", "GND", "GND", "C", 78.74, 78.74, 47.24, 180],
		[543, "TMC1_10", 696.65, -1415.55, "T", "DIP", "VIO_M", "", "C", 78.74, 78.74, 47.24, 180],
		[544, "TMC1_10", 696.65, -1415.55, "B", "DIP", "VIO_M", "", "C", 78.74, 78.74, 47.24, 180],
		[545, "TMC1_11", 696.65, -1515.55, "T", "DIP", "M1B2", "", "C", 78.74, 78.74, 47.24, 180],
		[546, "TMC1_11", 696.65, -1515.55, "B", "DIP", "M1B2", "", "C", 78.74, 78.74, 47.24, 180],
		[547, "TMC1_12", 696.65, -1615.55, "T", "DIP", "M1B1", "", "C", 78.74, 78.74, 47.24, 180],
		[548, "TMC1_12", 696.65, -1615.55, "B", "DIP", "M1B1", "", "C", 78.74, 78.74, 47.24, 180],
		[549, "TMC1_13", 696.65, -1715.55, "T", "DIP", "M1A1", "", "C", 78.74, 78.74, 47.24, 180],
		[550, "TMC1_13", 696.65, -1715.55, "B", "DIP", "M1A1", "", "C", 78.74, 78.74, 47.24, 180],
		[551, "TMC1_14", 696.65, -1815.55, "T", "DIP", "M1A2", "", "C", 78.74, 78.74, 47.24, 180],
		[552, "TMC1_14", 696.65, -1815.55, "B", "DIP", "M1A2", "", "C", 78.74, 78.74, 47.24, 180],
		[553, "TMC1_15", 696.65, -1915.55, "T", "DIP", "GND", "GND", "C", 78.74, 78.74, 47.24, 180],
		[554, "TMC1_15", 696.65, -1915.55, "B", "DIP", "GND", "GND", "C", 78.74, 78.74, 47.24, 180],
		[555, "TMC1_16", 696.65, -2015.55, "T", "DIP", "VCC", "", "C", 78.74, 78.74, 47.24, 180],
		[556, "TMC1_16", 696.65, -2015.55, "B", "DIP", "VCC", "", "C", 78.74, 78.74, 47.24, 180],
		[557, "TMC1_17", 1096.65, -2015.55, "T", "DIP", "TMC1_17", "", "C", 78.74, 78.74, 47.24, 180],
		[558, "TMC1_17", 1096.65, -2015.55, "B", "DIP", "TMC1_17", "", "C", 78.74, 78.74, 47.24, 180],
		[559, "TMC1_18", 996.65, -2015.55, "T", "DIP", "DIAG_M1", "", "C", 78.74, 78.74, 47.24, 180],
		[560, "TMC1_18", 996.65, -2015.55, "B", "DIP", "DIAG_M1", "", "C", 78.74, 78.74, 47.24, 180],
		[561, "TMC2_1", 1194.75, -3295, "T", "DIP", "EN", "", "R", 78.74, 78.74, 47.24, 180],
		[562, "TMC2_1", 1194.75, -3295, "B", "DIP", "EN", "", "R", 78.74, 78.74, 47.24, 180],
		[563, "TMC2_2", 1194.75, -3195, "T", "DIP", "MOSI", "", "C", 78.74, 78.74, 47.24, 180],
		[564, "TMC2_2", 1194.75, -3195, "B", "DIP", "MOSI", "", "C", 78.74, 78.74, 47.24, 180],
		[565, "TMC2_3", 1194.75, -3095, "T", "DIP", "SCK", "", "C", 78.74, 78.74, 47.24, 180],
		[566, "TMC2_3", 1194.75, -3095, "B", "DIP", "SCK", "", "C", 78.74, 78.74, 47.24, 180],
		[567, "TMC2_4", 1194.75, -2995, "T", "DIP", "CS_M2", "", "C", 78.74, 78.74, 47.24, 180],
		[568, "TMC2_4", 1194.75, -2995, "B", "DIP", "CS_M2", "", "C", 78.74, 78.74, 47.24, 180],
		[569, "TMC2_5", 1194.75, -2895, "T", "DIP", "MISO", "", "C", 78.74, 78.74, 47.24, 180],
		[570, "TMC2_5", 1194.75, -2895, "B", "DIP", "MISO", "", "C", 78.74, 78.74, 47.24, 180],
		[571, "TMC2_6", 1194.75, -2795, "T", "DIP", "TMC2_6", "", "C", 78.74, 78.74, 47.24, 180],
		[572, "TMC2_6", 1194.75, -2795, "B", "DIP", "TMC2_6", "", "C", 78.74, 78.74, 47.24, 180],
		[573, "TMC2_7", 1194.75, -2695, "T", "DIP", "STEP_M2", "", "C", 78.74, 78.74, 47.24, 180],
		[574, "TMC2_7", 1194.75, -2695, "B", "DIP", "STEP_M2", "", "C", 78.74, 78.74, 47.24, 180],
		[575, "TMC2_8", 1194.75, -2595, "T", "DIP", "DIR_M2", "", "C", 78.74, 78.74, 47.24, 180],
		[576, "TMC2_8", 1194.75, -2595, "B", "DIP", "DIR_M2", "", "C", 78.74, 78.74, 47.24, 180],
		[577, "TMC2_9", 694.75, -2595, "T", "DIP", "GND", "GND", "C", 78.74, 78.74, 47.24, 180],
		[578, "TMC2_9", 694.75, -2595, "B", "DIP", "GND", "GND", "C", 78.74, 78.74, 47.24, 180],
		[579, "TMC2_10", 694.75, -2695, "T", "DIP", "VIO_M", "", "C", 78.74, 78.74, 47.24, 180],
		[580, "TMC2_10", 694.75, -2695, "B", "DIP", "VIO_M", "", "C", 78.74, 78.74, 47.24, 180],
		[581, "TMC2_11", 694.75, -2795, "T", "DIP", "M2B2", "", "C", 78.74, 78.74, 47.24, 180],
		[582, "TMC2_11", 694.75, -2795, "B", "DIP", "M2B2", "", "C", 78.74, 78.74, 47.24, 180],
		[583, "TMC2_12", 694.75, -2895, "T", "DIP", "M2B1", "", "C", 78.74, 78.74, 47.24, 180],
		[584, "TMC2_12", 694.75, -2895, "B", "DIP", "M2B1", "", "C", 78.74, 78.74, 47.24, 180],
		[585, "TMC2_13", 694.75, -2995, "T", "DIP", "M2A1", "", "C", 78.74, 78.74, 47.24, 180],
		[586, "TMC2_13", 694.75, -2995, "B", "DIP", "M2A1", "", "C", 78.74, 78.74, 47.24, 180],
		[587, "TMC2_14", 694.75, -3095, "T", "DIP", "M2A2", "", "C", 78.74, 78.74, 47.24, 180],
		[588, "TMC2_14", 694.75, -3095, "B", "DIP", "M2A2", "", "C", 78.74, 78.74, 47.24, 180],
		[589, "TMC2_15", 694.75, -3195, "T", "DIP", "GND", "GND", "C", 78.74, 78.74, 47.24, 180],
		[590, "TMC2_15", 694.75, -3195, "B", "DIP", "GND", "GND", "C", 78.74, 78.74, 47.24, 180],
		[591, "TMC2_16", 694.75, -3295, "T", "DIP", "VCC", "", "C", 78.74, 78.74, 47.24, 180],
		[592, "TMC2_16", 694.75, -3295, "B", "DIP", "VCC", "", "C", 78.74, 78.74, 47.24, 180],
		[593, "TMC2_17", 1094.75, -3295, "T", "DIP", "TMC2_17", "", "C", 78.74, 78.74, 47.24, 180],
		[594, "TMC2_17", 1094.75, -3295, "B", "DIP", "TMC2_17", "", "C", 78.74, 78.74, 47.24, 180],
		[595, "TMC2_18", 994.75, -3295, "T", "DIP", "DIAG_M2", "", "C", 78.74, 78.74, 47.24, 180],
		[596, "TMC2_18", 994.75, -3295, "B", "DIP", "DIAG_M2", "", "C", 78.74, 78.74, 47.24, 180],
		[597, "TMC3_1", 1190, -4575, "T", "DIP", "EN", "", "R", 78.74, 78.74, 47.24, 180],
		[598, "TMC3_1", 1190, -4575, "B", "DIP", "EN", "", "R", 78.74, 78.74, 47.24, 180],
		[599, "TMC3_2", 1190, -4475, "T", "DIP", "MOSI", "", "C", 78.74, 78.74, 47.24, 180],
		[600, "TMC3_2", 1190, -4475, "B", "DIP", "MOSI", "", "C", 78.74, 78.74, 47.24, 180],
		[601, "TMC3_3", 1190, -4375, "T", "DIP", "SCK", "", "C", 78.74, 78.74, 47.24, 180],
		[602, "TMC3_3", 1190, -4375, "B", "DIP", "SCK", "", "C", 78.74, 78.74, 47.24, 180],
		[603, "TMC3_4", 1190, -4275, "T", "DIP", "CS_M3", "", "C", 78.74, 78.74, 47.24, 180],
		[604, "TMC3_4", 1190, -4275, "B", "DIP", "CS_M3", "", "C", 78.74, 78.74, 47.24, 180],
		[605, "TMC3_5", 1190, -4175, "T", "DIP", "MISO", "", "C", 78.74, 78.74, 47.24, 180],
		[606, "TMC3_5", 1190, -4175, "B", "DIP", "MISO", "", "C", 78.74, 78.74, 47.24, 180],
		[607, "TMC3_6", 1190, -4075, "T", "DIP", "TMC3_6", "", "C", 78.74, 78.74, 47.24, 180],
		[608, "TMC3_6", 1190, -4075, "B", "DIP", "TMC3_6", "", "C", 78.74, 78.74, 47.24, 180],
		[609, "TMC3_7", 1190, -3975, "T", "DIP", "STEP_M3", "", "C", 78.74, 78.74, 47.24, 180],
		[610, "TMC3_7", 1190, -3975, "B", "DIP", "STEP_M3", "", "C", 78.74, 78.74, 47.24, 180],
		[611, "TMC3_8", 1190, -3875, "T", "DIP", "DIR_M3", "", "C", 78.74, 78.74, 47.24, 180],
		[612, "TMC3_8", 1190, -3875, "B", "DIP", "DIR_M3", "", "C", 78.74, 78.74, 47.24, 180],
		[613, "TMC3_9", 690, -3875, "T", "DIP", "GND", "GND", "C", 78.74, 78.74, 47.24, 180],
		[614, "TMC3_9", 690, -3875, "B", "DIP", "GND", "GND", "C", 78.74, 78.74, 47.24, 180],
		[615, "TMC3_10", 690, -3975, "T", "DIP", "VIO_M", "", "C", 78.74, 78.74, 47.24, 180],
		[616, "TMC3_10", 690, -3975, "B", "DIP", "VIO_M", "", "C", 78.74, 78.74, 47.24, 180],
		[617, "TMC3_11", 690, -4075, "T", "DIP", "M3B2", "", "C", 78.74, 78.74, 47.24, 180],
		[618, "TMC3_11", 690, -4075, "B", "DIP", "M3B2", "", "C", 78.74, 78.74, 47.24, 180],
		[619, "TMC3_12", 690, -4175, "T", "DIP", "M3B1", "", "C", 78.74, 78.74, 47.24, 180],
		[620, "TMC3_12", 690, -4175, "B", "DIP", "M3B1", "", "C", 78.74, 78.74, 47.24, 180],
		[621, "TMC3_13", 690, -4275, "T", "DIP", "M3A1", "", "C", 78.74, 78.74, 47.24, 180],
		[622, "TMC3_13", 690, -4275, "B", "DIP", "M3A1", "", "C", 78.74, 78.74, 47.24, 180],
		[623, "TMC3_14", 690, -4375, "T", "DIP", "M3A2", "", "C", 78.74, 78.74, 47.24, 180],
		[624, "TMC3_14", 690, -4375, "B", "DIP", "M3A2", "", "C", 78.74, 78.74, 47.24, 180],
		[625, "TMC3_15", 690, -4475, "T", "DIP", "GND", "GND", "C", 78.74, 78.74, 47.24, 180],
		[626, "TMC3_15", 690, -4475, "B", "DIP", "GND", "GND", "C", 78.74, 78.74, 47.24, 180],
		[627, "TMC3_16", 690, -4575, "T", "DIP", "VCC", "", "C", 78.74, 78.74, 47.24, 180],
		[628, "TMC3_16", 690, -4575, "B", "DIP", "VCC", "", "C", 78.74, 78.74, 47.24, 180],
		[629, "TMC3_17", 1090, -4575, "T", "DIP", "TMC3_17", "", "C", 78.74, 78.74, 47.24, 180],
		[630, "TMC3_17", 1090, -4575, "B", "DIP", "TMC3_17", "", "C", 78.74, 78.74, 47.24, 180],
		[631, "TMC3_18", 990, -4575, "T", "DIP", "DIAG_M3", "", "C", 78.74, 78.74, 47.24, 180],
		[632, "TMC3_18", 990, -4575, "B", "DIP", "DIAG_M3", "", "C", 78.74, 78.74, 47.24, 180],
		[633, "TMC4_1", 1195, -5850, "T", "DIP", "EN", "", "R", 78.74, 78.74, 47.24, 180],
		[634, "TMC4_1", 1195, -5850, "B", "DIP", "EN", "", "R", 78.74, 78.74, 47.24, 180],
		[635, "TMC4_2", 1195, -5750, "T", "DIP", "MOSI", "", "C", 78.74, 78.74, 47.24, 180],
		[636, "TMC4_2", 1195, -5750, "B", "DIP", "MOSI", "", "C", 78.74, 78.74, 47.24, 180],
		[637, "TMC4_3", 1195, -5650, "T", "DIP", "SCK", "", "C", 78.74, 78.74, 47.24, 180],
		[638, "TMC4_3", 1195, -5650, "B", "DIP", "SCK", "", "C", 78.74, 78.74, 47.24, 180],
		[639, "TMC4_4", 1195, -5550, "T", "DIP", "CS_M4", "", "C", 78.74, 78.74, 47.24, 180],
		[640, "TMC4_4", 1195, -5550, "B", "DIP", "CS_M4", "", "C", 78.74, 78.74, 47.24, 180],
		[641, "TMC4_5", 1195, -5450, "T", "DIP", "MISO", "", "C", 78.74, 78.74, 47.24, 180],
		[642, "TMC4_5", 1195, -5450, "B", "DIP", "MISO", "", "C", 78.74, 78.74, 47.24, 180],
		[643, "TMC4_6", 1195, -5350, "T", "DIP", "TMC4_6", "", "C", 78.74, 78.74, 47.24, 180],
		[644, "TMC4_6", 1195, -5350, "B", "DIP", "TMC4_6", "", "C", 78.74, 78.74, 47.24, 180],
		[645, "TMC4_7", 1195, -5250, "T", "DIP", "STEP_M4", "", "C", 78.74, 78.74, 47.24, 180],
		[646, "TMC4_7", 1195, -5250, "B", "DIP", "STEP_M4", "", "C", 78.74, 78.74, 47.24, 180],
		[647, "TMC4_8", 1195, -5150, "T", "DIP", "DIR_M4", "", "C", 78.74, 78.74, 47.24, 180],
		[648, "TMC4_8", 1195, -5150, "B", "DIP", "DIR_M4", "", "C", 78.74, 78.74, 47.24, 180],
		[649, "TMC4_9", 695, -5150, "T", "DIP", "GND", "GND", "C", 78.74, 78.74, 47.24, 180],
		[650, "TMC4_9", 695, -5150, "B", "DIP", "GND", "GND", "C", 78.74, 78.74, 47.24, 180],
		[651, "TMC4_10", 695, -5250, "T", "DIP", "VIO_M", "", "C", 78.74, 78.74, 47.24, 180],
		[652, "TMC4_10", 695, -5250, "B", "DIP", "VIO_M", "", "C", 78.74, 78.74, 47.24, 180],
		[653, "TMC4_11", 695, -5350, "T", "DIP", "M4B2", "", "C", 78.74, 78.74, 47.24, 180],
		[654, "TMC4_11", 695, -5350, "B", "DIP", "M4B2", "", "C", 78.74, 78.74, 47.24, 180],
		[655, "TMC4_12", 695, -5450, "T", "DIP", "M4B1", "", "C", 78.74, 78.74, 47.24, 180],
		[656, "TMC4_12", 695, -5450, "B", "DIP", "M4B1", "", "C", 78.74, 78.74, 47.24, 180],
		[657, "TMC4_13", 695, -5550, "T", "DIP", "M4A1", "", "C", 78.74, 78.74, 47.24, 180],
		[658, "TMC4_13", 695, -5550, "B", "DIP", "M4A1", "", "C", 78.74, 78.74, 47.24, 180],
		[659, "TMC4_14", 695, -5650, "T", "DIP", "M4A2", "", "C", 78.74, 78.74, 47.24, 180],
		[660, "TMC4_14", 695, -5650, "B", "DIP", "M4A2", "", "C", 78.74, 78.74, 47.24, 180],
		[661, "TMC4_15", 695, -5750, "T", "DIP", "GND", "GND", "C", 78.74, 78.74, 47.24, 180],
		[662, "TMC4_15", 695, -5750, "B", "DIP", "GND", "GND", "C", 78.74, 78.74, 47.24, 180],
		[663, "TMC4_16", 695, -5850, "T", "DIP", "VCC", "", "C", 78.74, 78.74, 47.24, 180],
		[664, "TMC4_16", 695, -5850, "B", "DIP", "VCC", "", "C", 78.74, 78.74, 47.24, 180],
		[665, "TMC4_17", 1095, -5850, "T", "DIP", "TMC4_17", "", "C", 78.74, 78.74, 47.24, 180],
		[666, "TMC4_17", 1095, -5850, "B", "DIP", "TMC4_17", "", "C", 78.74, 78.74, 47.24, 180],
		[667, "TMC4_18", 995, -5850, "T", "DIP", "DIAG_M4", "", "C", 78.74, 78.74, 47.24, 180],
		[668, "TMC4_18", 995, -5850, "B", "DIP", "DIAG_M4", "", "C", 78.74, 78.74, 47.24, 180],
		[669, "U1_1", 2615.16, -5525.19, "T", "SMD", "+5V", "", "R", 118.11, 62.99, 0, 90],
		[670, "U1_2", 2525, -5794.81, "T", "SMD", "GND", "GND", "R", 244.09, 228.35, 0, 90],
		[671, "U1_3", 2434.84, -5525.19, "T", "SMD", "VIO_M1", "", "R", 118.11, 62.99, 0, 90],
		[672, "U2_1", 3503.55, -4434.7, "T", "SMD", "GND", "GND", "R", 98.42, 43.31, 0, 180],
		[673, "U2_2", 3503.55, -4525.25, "T", "SMD", "+3V", "", "R", 98.42, 43.31, 0, 180],
		[674, "U2_3", 3503.55, -4615.8, "T", "SMD", "+5V", "", "R", 98.42, 43.31, 0, 180],
		[675, "U2_4", 3737.4, -4525.25, "T", "SMD", "+3V", "", "R", 92.13, 141.73, 0, 180],
		[676, "U12_A", 2879.45, -1552.6, "T", "DIP", "GND", "GND", "O", 47.24, 82.68, 59.05, 0],
		[677, "U12_A", 2879.45, -1552.6, "B", "DIP", "GND", "GND", "O", 47.24, 82.68, 59.05, 0],
		[678, "U12_B", 3060.55, -1233.7, "T", "DIP", "SDA", "", "O", 47.24, 82.68, 59.05, 0],
		[679, "U12_B", 3060.55, -1233.7, "B", "DIP", "SDA", "", "O", 47.24, 82.68, 59.05, 0],
		[680, "U12_C", 3060.55, -1351.81, "T", "DIP", "SCL", "", "O", 47.24, 82.68, 59.05, 0],
		[681, "U12_C", 3060.55, -1351.81, "B", "DIP", "SCL", "", "O", 47.24, 82.68, 59.05, 0],
		[682, "U12_D", 3060.55, -1509.29, "T", "DIP", "+3V", "", "O", 47.24, 82.68, 59.05, 0],
		[683, "U12_D", 3060.55, -1509.29, "B", "DIP", "+3V", "", "O", 47.24, 82.68, 59.05, 0],
		[684, "U16_1", 3400, -3285, "T", "DIP", "ENC_CLK", "", "R", 66.93, 66.93, 43.31, 270],
		[685, "U16_1", 3400, -3285, "B", "DIP", "ENC_CLK", "", "R", 66.93, 66.93, 43.31, 270],
		[686, "U16_2", 3400, -3385, "T", "DIP", "ENC_DT", "", "C", 66.93, 66.93, 43.31, 270],
		[687, "U16_2", 3400, -3385, "B", "DIP", "ENC_DT", "", "C", 66.93, 66.93, 43.31, 270],
		[688, "U16_3", 3400, -3485, "T", "DIP", "ENC_SW", "", "C", 66.93, 66.93, 43.31, 270],
		[689, "U16_3", 3400, -3485, "B", "DIP", "ENC_SW", "", "C", 66.93, 66.93, 43.31, 270],
		[690, "U16_4", 3400, -3585, "T", "DIP", "+3V", "", "C", 66.93, 66.93, 43.31, 270],
		[691, "U16_4", 3400, -3585, "B", "DIP", "+3V", "", "C", 66.93, 66.93, 43.31, 270],
		[692, "U16_5", 3400, -3685, "T", "DIP", "GND", "GND", "C", 66.93, 66.93, 43.31, 270],
		[693, "U16_5", 3400, -3685, "B", "DIP", "GND", "GND", "C", 66.93, 66.93, 43.31, 270],
		[694, "U17_1", 3020, -3285, "T", "DIP", "GND", "GND", "R", 66.93, 66.93, 43.31, 90],
		[695, "U17_1", 3020, -3285, "B", "DIP", "GND", "GND", "R", 66.93, 66.93, 43.31, 90],
		[696, "U17_2", 3020, -3185, "T", "DIP", "+3V", "", "C", 66.93, 66.93, 43.31, 90],
		[697, "U17_2", 3020, -3185, "B", "DIP", "+3V", "", "C", 66.93, 66.93, 43.31, 90],
		[698, "U17_3", 3020, -3085, "T", "DIP", "SCK", "", "C", 66.93, 66.93, 43.31, 90],
		[699, "U17_3", 3020, -3085, "B", "DIP", "SCK", "", "C", 66.93, 66.93, 43.31, 90],
		[700, "U17_4", 3020, -2985, "T", "DIP", "MOSI", "", "C", 66.93, 66.93, 43.31, 90],
		[701, "U17_4", 3020, -2985, "B", "DIP", "MOSI", "", "C", 66.93, 66.93, 43.31, 90],
		[702, "U17_5", 3020, -2885, "T", "DIP", "RST_OLED", "", "C", 66.93, 66.93, 43.31, 90],
		[703, "U17_5", 3020, -2885, "B", "DIP", "RST_OLED", "", "C", 66.93, 66.93, 43.31, 90],
		[704, "U17_6", 3020, -2785, "T", "DIP", "DC_OLED", "", "C", 66.93, 66.93, 43.31, 90],
		[705, "U17_6", 3020, -2785, "B", "DIP", "DC_OLED", "", "C", 66.93, 66.93, 43.31, 90],
		[706, "U17_7", 3020, -2685, "T", "DIP", "CS_OLED", "", "C", 66.93, 66.93, 43.31, 90],
		[707, "U17_7", 3020, -2685, "B", "DIP", "CS_OLED", "", "C", 66.93, 66.93, 43.31, 90],
		[708, "U18_1", 3442.01, -5442.36, "T", "SMD", "VCC", "", "R", 157.48, 40.16, 0, 0],
		[709, "U18_2", 3442.01, -5375.43, "T", "SMD", "$2N12797", "", "R", 157.48, 40.16, 0, 0],
		[710, "U18_3", 3442.01, -5308.51, "T", "SMD", "GND", "GND", "R", 157.48, 40.16, 0, 0],
		[711, "U18_4", 3442.01, -5241.58, "T", "SMD", "+5V", "", "R", 157.48, 40.16, 0, 0],
		[712, "U18_5", 3442.01, -5174.65, "T", "SMD", "GND", "GND", "R", 157.48, 40.16, 0, 0],
		[713, "U18_6", 3005, -5308.51, "T", "SMD", "GND", "GND", "R", 330.71, 393.7, 0, 0],
		[714, "VIO_1", 2244.66, -5538.05, "T", "SMD", "VIO_M1", "", "R", 31.75, 34.02, 0, 180],
		[715, "VIO_2", 2185.34, -5538.05, "T", "SMD", "VIO_M", "", "R", 31.75, 34.02, 0, 180]
	]
}
}